Name,Address,City,State,Undergraduate Enrollment,Road Distance (mi),Travel Time One Way (hr)
University of Massachusetts-Amherst,374 Whitmore Building 181 Presidents Drive,Amherst,MA,24928,0,0
Amherst College,Boltwood Avenue,Amherst,MA,1923,1.864113,0.1
Hampshire College,893 West St,Amherst,MA,1550,6.835081,0.216666667
Smith College,Elm St,Northampton,MA,2746,8.5127827,0.283333333
Mount Holyoke College,50 College Street,South Hadley,MA,2501,11.2468151,0.35
Conway School of Landscape Design,332 South Deerfield Rd,Conway,MA,0,14.3536701,0.383333333
Hallmark Institute of Photography,241 Millers Falls Rd,Turners Falls,MA,103,16.4663315,0.4
Holyoke Community College,303 Homestead Ave,Holyoke,MA,9359,19.3246381,0.483333333
Greenfield Community College,One College Dr,Greenfield,MA,3154,18.7032671,0.45
Jolie Hair and Beauty Academy-Ludlow,44 Sewall Street,Ludlow,MA,245,18.3304445,0.566666667
Salter College-Chicopee,645 Shawinigan Drive,Chicopee,MA,134,19.0139526,0.566666667
Branford Hall Career Institute-Springfield Campus,112 Industry Avenue,Springfield,MA,1154,28.4587918,0.583333333
College of Our Lady of the Elms,291 Springfield St,Chicopee,MA,1469,24.6062916,0.516666667
DiGrigoli School of Cosmetology,1578 Riverdale St,West Springfield,MA,106,23.1771383,0.466666667
Western New England University,1215 Wilbraham Rd,Springfield,MA,2741,31.5656468,0.7
American International College,1000 State Street,Springfield,MA,1578,28.1481063,0.6
Springfield Technical Community College,1 Armory Sq,Springfield,MA,9478,27.4645982,0.583333333
Springfield College,263 Alden St,Springfield,MA,2339,28.6452031,0.65
Springfield College-School of Human Services,Springfield College - School of Human Services,Springfield,MA,1789,28.3966547,0.616666667
Mansfield Beauty Schools-Springfield,266 Bridge St,Springfield,MA,49,26.097582,0.533333333
Kay Harvey Academy of Hair Design,11 Central St,West Springfield,MA,82,26.2218562,0.533333333
Westfield State University,577 Western Ave,Westfield,MA,6162,31.2549613,0.716666667
Bay Path College,588 Longmeadow Street,Longmeadow,MA,1756,29.6393967,0.616666667
Lincoln Technical Institute-Suffield,1760 Mapleton Ave,Suffield,CT,0,32.9948001,0.683333333
Asnuntuck Community College,170 Elm St,Enfield,CT,2618,34.4239534,0.683333333
New England Tractor Trailer Training School of Connecticut,32 Field Rd,Somers,CT,482,41.9425425,0.883333333
Central Mass School of Massage and Therapy Inc,200 Main St,Spencer,MA,33,36.9715745,0.983333333
Mount Wachusett Community College,444 Green St,Gardner,MA,6421,40.6998005,0.9
Anna Maria College,50 Sunset Lane,Paxton,MA,1206,44.6144378,1.183333333
Marlboro College-Graduate School,28 Vernon Stree," Suite #120""",Brattleboro,25,38.1521794,0.716666667
Lincoln Technical Institute-East Windsor,97 Newberry Road,East Windsor,CT,1327,40.8862118,0.766666667
Marlboro College,2582 South Rd,Marlboro,VT,302,49.8960913,1.033333333
Southern Worcester County Regional Voc School District,57 Old Muggett Hill Rd,Charlton,MA,33,41.4454457,1.116666667
SIT Graduate Institute,1 Kipling Rd,Brattleboro,VT,0,42.4396393,0.8
Charles H McCann Technical School,70 Hodges Cross Rd,North Adams,MA,79,53.437906,1.216666667
Massachusetts College of Liberal Arts,375 Church St,North Adams,MA,1891,53.1272205,1.216666667
Worcester State University,486 Chandler St,Worcester,MA,6662,49.4611316,1.283333333
Monty Tech,1050 Westminster St,Fitchburg,MA,38,46.0435911,0.966666667
Franklin Pierce University,40 University Drive,Rindge,NH,1925,50.8902849,1.266666667
Branford Hall Career Institute-Windsor Campus,995 Day Hill Rd,Windsor,CT,763,46.1678653,0.85
Mildred Elley-Pittsfield Campus,505 East Street,Pittsfield,MA,385,48.466938,1.2
Assumption College,500 Salisbury St,Worcester,MA,2422,51.0145591,1.333333333
Clark University,950 Main St,Worcester,MA,2465,56.2340755,1.2
Toni & Guy Hairdressing Academy-Worcester,6 Park Avenue,Worcester,MA,94,58.5952853,1.233333333
Becker College,61 Sever St,Worcester,MA,2091,58.1603256,1.233333333
Worcester Polytechnic Institute,100 Institute Road,Worcester,MA,4013,58.0981885,1.216666667
Rob Roy Academy-Worcester,150 Pleasant St,Worcester,MA,268,56.8554465,1.183333333
Quinsigamond Community College,670 West Boylston Street,Worcester,MA,12172,60.6458096,1.283333333
Salter College-West Boylston,184 West Boylston Suite # 1,West Boylston,MA,1187,63.379842,1.3
College of the Holy Cross,One College Street,Worcester,MA,2941,54.8049222,1.133333333
Nichols College,Center Rd,Dudley,MA,1441,51.6359301,1.25
Alexander Academy,112 River Street,Fitchburg,MA,58,49.8339542,1.066666667
Keene State College,229 Main Street,Keene,NH,5397,43.1231474,1.05
Antioch University-New England,40 Avon St,Keene,NH,0,43.8066555,1.05
Bancroft School of Massage Therapy,333 Shrewsbury St,Worcester,MA,74,57.9117772,1.216666667
Henris School of Hair Design,276 Water St,Fitchburg,MA,69,52.1330269,1.066666667
Keene Beauty Academy,800 Park Ave,Keene,NH,80,45.0493975,1.1
University of Massachusetts Medical School Worcester,55 Lake Ave North,Worcester,MA,0,59.2787934,1.266666667
Fitchburg State University,160 Pearl St,Fitchburg,MA,4834,51.7602043,1.1
Berkshire Community College,1350 West Street,Pittsfield,MA,3147,52.6922608,1.35
Landmark College,River Rd South,Putney,VT,651,48.5912122,0.883333333
Williams College,880 Main St,Williamstown,MA,2208,58.4710111,1.4
Howell Cheney Technical High School,791 W. Middle Turnpike,Manchester,CT,66,57.6010917,1.033333333
University of Hartford,200 Bloomfield Ave,West Hartford,CT,5991,53.6864544,1.016666667
Northwestern Connecticut Community College,Park Pl E,Winsted,CT,2169,62.1371,1.35
Stone Academy-East Hartford,745 Burnside Avenue,East Hartford,CT,418,52.6922608,0.983333333
University of Connecticut,352 Mansfield Road,Storrs,CT,18920,73.321778,1.333333333
Marinello Schools of Beauty-East Hartford,1000 Main St,East Hartford,CT,235,52.816535,0.933333333
University of Saint Joseph,1678 Asylum Avenue,West Hartford,CT,1224,55.5505674,1.05
Rensselaer Hartford Graduate Center Inc,275 Windsor St,Hartford,CT,0,51.8844785,0.95
Manchester Community College,Great Path,Manchester,CT,10823,56.2340755,1.016666667
Capital Community College,950 Main Street,Hartford,CT,6552,52.195164,0.933333333
Hartford Seminary,77 Sherman Street,Hartford,CT,0,54.2456883,0.983333333
Lincoln College of New England-Hartford,85 Sigourney Street,Hartford,CT,44,53.0029463,0.95
Lincoln Technical Institute-Hartford,85 Sigourney Street,Hartford,CT,844,53.0029463,0.95
Goodwin College,One Riverside Drive,East Hartford,CT,5151,54.3699625,0.983333333
Bard College at Simon's Rock,84 Alford Rd,Great Barrington,MA,377,69.593552,1.333333333
Trinity College,300 Summit St,Hartford,CT,2455,53.8107286,1
Albert I Prince Technical High School,401 Flatbush Avenue,Hartford,CT,63,55.0534706,1
Spa Tech Institute-Westboro,227 Turnpike Rd.  - Suite 1,Westboro,MA,136,64.622584,1.35
Fox Institute of Business-West Hartford,99 South Street,West Hartford,CT,506,56.1719384,1.033333333
Sanford-Brown College-Farmington,270 Farmington Av," Suite 245""",Farmington,279,61.3293177,1.083333333
International Institute of Cosmetology,632 Silas Deane Hwy,Wethersfield,CT,192,55.7991158,0.983333333
Southern Vermont College,982 Mansion Drive,Bennington,VT,599,67.108068,1.666666667
Eastern Connecticut State University,83 Windham St,Willimantic,CT,5932,77.671375,1.383333333
Windham Technical High School,210 Birch St,Willimantic,CT,16,76.428633,1.4
Windham Memorial Hospital-Radiologic Technology Program,112 Mansfield Avenue,Willimantic,CT,20,76.428633,1.4
Assabet Valley Regional Technical School,215 Fitchburg St,Marlborough,MA,45,72.079036,1.416666667
Blackstone Valley Vocational Regional School District,65 Pleasant St,Upton,MA,31,64.622584,1.383333333
Connecticut Center for Massage Therapy-Newington,75 Kitts Lane,Newington,CT,457,58.408874,1.05
Central Connecticut State University,1615 Stanley St,New Britain,CT,11498,61.4535919,1.116666667
Charter Oak State College,55 Paul Manafort Drive,New Britain,CT,2592,61.4535919,1.1
Tunxis Community College,271 Scott Swamp Road,Farmington,CT,6870,65.243955,1.183333333
Quinebaug Valley Community College,742 Upper Maple St,Danielson,CT,2971,78.292746,1.533333333
Bennington College,One College Drive,Bennington,VT,707,69.593552,1.616666667
Lincoln Technical Institute-New Britain,200 John Downey Dr,New Britain,CT,853,62.1371,1.15
Bristol Technical Education Center,431 Minor Street,Bristol,CT,52,73.943149,1.4
Holy Apostles College and Seminary,33 Prospect Hill Road,Cromwell,CT,83,65.865326,1.166666667
Lincoln Technical Institute-Cromwell,106 Sebethe Dr,Cromwell,CT,0,64.622584,1.133333333
Lincoln College of New England-Southington,2279 Mount Vernon Road,Southington,CT,1428,72.079036,1.283333333
Framingham State University,100 State Street,Framingham,MA,5372,73.321778,1.45
Empire Beauty School-Framingham,624 Worcester Rd,Framingham,MA,162,74.56452,1.45
Branford Hall Career Institute-Southington Campus,35 N Main St,Southington,CT,950,69.593552,1.233333333
Wesleyan University,237 High St,Middletown,CT,3154,68.35081,1.216666667
Daniel Webster College,20 University Dr,Nashua,NH,729,73.943149,1.7
Nashua Community College,505 Amherst St,Nashua,NH,3398,76.428633,1.75
Middlesex Community College,100 Training Hill Rd,Middletown,CT,4490,70.836294,1.25
St Joseph School of Nursing,5 Woodward Ave,Nashua,NH,169,88.234682,1.683333333
Ace Cosmetology and Barber Training Center,534 Wolcott Rd Ste C,Wolcott,CT,11,75.807262,1.416666667
Rivier University,420 South Main St,Nashua,NH,1918,88.234682,1.65
Vinal Technical High School,60 Daniels St,Middletown,CT,40,71.457665,1.283333333
Bryant University,1150 Douglas Pike,Smithfield,RI,3286,81.399601,1.633333333
Tri County Regional Vocational Technical High School,147 Pond St,Franklin,MA,68,81.399601,1.533333333
Thomas More College of Liberal Arts,6 Manchester St,Merrimack,NH,97,93.827021,1.75
Marinello Schools of Beauty-Meriden,1231 E Main St,Meriden,CT,821,70.836294,1.216666667
Belle Academy of Cosmetology,27A South Commons Road,Waterbury,CT,2,85.127827,1.5
Greater Lowell Technical School,250 Pawtucket Blvd,Tyngsboro,MA,83,80.156859,1.6
New Hampshire Institute for Therapeutic Arts,153 Lowell Rd,Hudson,NH,42,87.613311,1.65
Continental Academie of Hair Design-Hudson,102 Derry St,Hudson,NH,105,90.098795,1.75
Connecticut Institute of Hair Design,1681 Meriden Rd,Wolcott,CT,71,75.807262,1.35
Dean College,99 Main Street,Franklin,MA,1626,82.020972,1.566666667
Rensselaer BOCES-Practical Nursing Program,35 Colleen Road,Troy,NY,133,103.768957,1.766666667
Hudson Valley Community College,80 Vandenburgh Ave,Troy,NY,18771,101.283473,1.733333333
Lincoln Technical Institute-Lincoln,622 George Washington Hwy,Lincoln,RI,945,81.399601,1.6
Regis College,235 Wellesley St,Weston,MA,1418,82.020972,1.616666667
W F Kaynor Technical High School,43 Tompkins St,Waterbury,CT,39,83.263714,1.45
Norwich Technical High School,7 Mahan Dr,Norwich,CT,36,90.098795,1.533333333
Samaritan Hospital School of Nursing,2215 Burdett Ave,Troy,NY,146,105.63307,1.783333333
Stone Academy-Waterbury,101 Pierpont Road,Waterbury,CT,343,77.671375,1.333333333
Rensselaer Polytechnic Institute,110 8th St,Troy,NY,5474,105.63307,1.783333333
Wellesley College,106 Central St,Wellesley,MA,2642,81.399601,1.616666667
University of Connecticut-Tri-Campus,99 East Main Street,Waterbury,CT,3195,81.399601,1.4
The Sage Colleges,65 1st Street,Troy,NY,1964,105.011699,1.75
Industrial Management Training Institute,233 Mill St,Waterbury,CT,188,80.77823,1.4
National Aviation Academy of New England,150 Hanscom Drive,Bedford,MA,424,79.535488,1.566666667
Academy Di Capelli-School of Cosmetology,950 Yale Ave Unit 20,Wallingford,CT,81,73.943149,1.266666667
Lincoln Technical Institute-Lowell,211 Plain St,Lowell,MA,608,78.292746,1.483333333
University of Massachusetts-Lowell,1 University Ave,Lowell,MA,14939,80.156859,1.566666667
Naugatuck Valley Community College,750 Chase Parkway,Waterbury,CT,9931,83.263714,1.45
Blessed John XXIII National Seminary,558 South Ave,Weston,MA,0,83.263714,1.566666667
SUNY-System Office,353 Broadway,Albany,NY,0,100.662102,1.65
Three Rivers Community College,574 New London Turnpike,Norwich,CT,6661,91.341537,1.566666667
Empire Beauty School-Lowell,231 Central St,Lowell,MA,198,79.535488,1.483333333
Lowell Academy Hairstyling Institute,136 Central St,Lowell,MA,174,79.535488,1.483333333
Babson College,231 Forest Street,Wellesley,MA,2100,88.234682,1.683333333
Middlesex Community College,Springs Rd,Bedford,MA,13254,83.885085,1.583333333
Memorial School of Nursing,600 Northern Blvd,Albany,NY,118,100.662102,1.65
Massachusetts Bay Community College,50 Oakland St,Wellesley Hills,MA,8279,83.263714,1.633333333
Columbia-Greene Community College,4400 Route 23,Hudson,NY,2813,95.691134,1.75
Franklin W Olin College of Engineering,Olin Way,Needham,MA,363,84.506456,1.7
New England College,98 Bridge St,Henniker,NH,1222,78.914117,1.716666667
Brandeis University,415 South St,Waltham,MA,3907,84.506456,1.6
The Salter School-Tewksbury Campus,515 Woburn Street,Tewksbury,MA,345,78.914117,1.466666667
Post University,800 Country Club Rd,Waterbury,CT,13282,83.885085,1.466666667
Albany Medical College,47 New Scotland Ave,Albany,NY,0,101.904844,1.716666667
Lasell College,1844 Commonwealth Avenue,Newton,MA,1710,84.506456,1.6
Albany Law School,80 New Scotland Avenue,Albany,NY,0,101.904844,1.716666667
Albany College of Pharmacy and Health Sciences,106 New Scotland Avenue,Albany,NY,1076,101.904844,1.716666667
Wadsworth Center-NY State Dept of Health,120 New Scotland Ave.,Albany,NY,0,101.904844,1.733333333
Siena College,515 Loudon Rd,Loudonville,NY,3376,103.768957,1.75
St Joseph School of Nursing,200 High Service Avenue,North Providence,RI,126,88.856053,1.733333333
Saint Anselm College,100 Saint Anselm Drive,Manchester,NH,2010,90.098795,2
Rhode Island College,600 Mount Pleasant Ave,Providence,RI,8618,89.477424,1.8
The College of Saint Rose,432 Western Ave,Albany,NY,2972,101.904844,1.716666667
Orlo School of Hair Design and Cosmetology,232 North Allen St,Albany,NY,175,102.526215,1.7
Laird Institute of Spa Therapy,981 Second Street,Manchester,NH,98,87.613311,1.933333333
Bentley University,175 Forest St,Waltham,MA,4265,85.127827,1.7
Austin's School of Spa Technology,855 Central Avenue,Albany,NY,589,102.526215,1.7
Mildred Elley School-Albany Campus,855 Central Ave,Albany,NY,1459,102.526215,1.683333333
John Paolo's Xtreme Beauty Institute-Goldwell Product Artistry,638 Columbia St Extension,Latham,NY,47,108.739925,1.8
Mount Washington College,3 Sundial Ave,Manchester,NH,3615,106.254441,1.933333333
Maria College of Albany,700 New Scotland Ave,Albany,NY,1096,103.147586,1.766666667
Providence College,1 Cunningham Square,Providence,RI,4487,88.234682,1.733333333
New England Tractor Trailer Training School of Rhode Island,600 Moshassuck Valley Industrial Hwy,Pawtucket,RI,653,86.99194,1.733333333
Shawsheen Valley Regional Vocational Technical School,100 Cook St,Billerica,MA,48,86.370569,1.666666667
University of New Hampshire at Manchester,400 Commercial Street,Manchester,NH,1170,106.254441,1.916666667
Michaels School of Hair Design and Esthetics-Paul Mitchell Partner School,79-6 South River Road,Bedford,NH,220,106.254441,1.95
Massachusetts School of Professional Psychology,One Wells Avenue,Newton,MA,0,87.613311,1.666666667
New England School of Acupuncture,150 California St.,Newton,MA,0,87.613311,1.633333333
New School of Radio and Television,7 Harriman Campus Road,Albany,NY,118,104.390328,1.716666667
EINE Inc,1501 Main S," Ste 48""",Tewksbury,60,83.263714,1.616666667
Seacoast Career School-Manchester Campus,670 North Commercial St,Manchester,NH,648,106.875812,1.95
Bryant & Stratton College-Albany,1259 Central Ave,Albany,NY,1136,103.768957,1.733333333
Salter School of Nursing and Allied Health,670 N. Commercial St. Suite 403,Manchester,NH,386,106.875812,1.95
Cortiva Institute-Boston,103 Morse Street,Watertown,MA,293,86.99194,1.616666667
New Hampshire Institute of Art,148 Concord St,Manchester,NH,555,106.875812,1.966666667
Mount Ida College,777 Dedham Street,Newton,MA,1462,88.856053,1.716666667
Newport School of Hairdressing-Main Campus,226 Main St,Pawtucket,RI,67,90.720166,1.766666667
Hebrew College,160 Herrick Road,Newton Centre,MA,9,88.234682,1.683333333
Center for Natural Wellness School of Massage Therapy,3 Cerone Commercial Dr,Albany,NY,263,105.63307,1.816666667
Andover Newton Theological School,210 Herrick Rd,Newton Centre,MA,0,88.234682,1.7
Manchester Community College,1066 Front St,Manchester,NH,4430,108.739925,1.983333333
SUNY at Albany,1400 Washington Avenue,Albany,NY,14601,104.390328,1.75
Sanford-Brown Institute-Cranston,85 Garfield Avenue,Cranston,RI,768,91.341537,1.783333333
Empire Beauty School-Providence,151 Broadway,Providence,RI,252,88.856053,1.7
Universal Technical Institute of Massachusetts Inc,One Upland Roa," Building 200""",Norwood,1573,95.069763,1.816666667
Johnson & Wales University-Providence,8 Abbott Park Place,Providence,RI,10396,89.477424,1.716666667
Boston College,140 Commonwealth Avenue,Chestnut Hill,MA,10354,88.856053,1.683333333
Johnson & Wales University-Online,8 Abbott Park Pl,Providence,RI,170,89.477424,1.733333333
Quinnipiac University,Mt Carmel Ave,Hamden,CT,6623,81.399601,1.45
Rhode Island School of Design,2 College St,Providence,RI,2059,89.477424,1.716666667
Brown University,One Prospect Street,Providence,RI,6936,88.856053,1.733333333
ITT Technical Institute-Albany,13 Airline Dr,Albany,NY,564,111.225409,1.85
ITT Technical Institute-Norwood,333 Providence Highwa," Rte 1""",Norwood,807,96.312505,1.833333333
FINE Mortuary College,150 Kerry Place,Norwood,MA,95,96.312505,1.833333333
Saint John's Seminary,127 Lake Street,Brighton,MA,40,88.234682,1.7
Paul Mitchell the School-Rhode Island,30 Chapel View Blvd," Suite 100""",Cranston,268,96.312505,1.816666667
Pine Manor College,400 Heath St,Chestnut Hill,MA,356,89.477424,1.716666667
River Valley Community College,One College Place,Claremont,NH,1820,85.749198,1.516666667
Toni & Guy Hairdressing Academy-Cranston,1400 Oaklawn Ave,Cranston,RI,204,97.555247,1.866666667
InterCoast Career Institute-Salem,19 Keewaydin Dr,Salem,NH,143,93.20565,1.683333333
Albany BOCES-Adult Practical Nursing Program,900  Watervliet Shaker Rd,Albany,NY,206,109.361296,1.85
Aesthetic Science Institute,1202 Troy-Schenectady Road,Latham,NY,126,111.84678,1.866666667
Northhaven Academy,97 Washington Ave,North Haven,CT,239,82.020972,1.383333333
Massachusetts School of Law,500 Federal St Woodland Park,Andover,MA,0,86.99194,1.6
Southern New Hampshire University,2500 North River Road,Manchester,NH,20509,110.604038,2.066666667
MotoRing Technical Training Institute,54 Water Street,East Providence,RI,10,91.962908,1.766666667
Branford Hall Career Institute-Albany Campus,500 New Karner Rd,Albany,NY,593,109.361296,1.833333333
Excelsior College,7 Columbia Cir,Albany,NY,48214,106.875812,1.783333333
Everest Institute-Brighton,1505 Commonwealth Ave,Brighton,MA,633,89.477424,1.733333333
Newbury College,129 Fisher Ave,Brookline,MA,1088,90.098795,1.733333333
Empire Beauty School-Warwick,1276 Bald Hill Road Suite 100,Warwick,RI,164,99.41936,1.883333333
Community College of Rhode Island,400 East Ave,Warwick,RI,24252,98.797989,1.866666667
ITT Technical Institute-Wilmington,200 Ballardvale Stree, Building 1," Suite 200""",696,90.720166,1.65
Catherine Hinds Institute of Esthetics,300 Wildwood Avenue,Woburn,MA,257,93.20565,1.75
Boston Graduate School of Psychoanalysis Inc,1581 Beacon Street,Brookline,MA,0,90.098795,1.766666667
Elizabeth Grady School of Esthetics and Massage Therapy,222 Boston Avenue,Medford,MA,210,88.234682,1.75
Episcopal Divinity School,99 Brattle St,Cambridge,MA,0,91.962908,1.75
Hellenic College-Holy Cross Greek Orthodox School of Theology,50 Goddard Ave,Brookline,MA,91,90.720166,1.766666667
Longy School of Music of Bard College,27 Garden Street,Cambridge,MA,60,88.856053,1.766666667
Empire Beauty School-Hooksett,1328 Hooksett Rd,Hooksett,NH,162,116.817748,2.066666667
Millennium Training Institute,600 West Cummings Par," Suite 2550""",Woburn,334,93.20565,1.75
Tufts University, ,Medford,MA,5656,88.234682,1.766666667
Harvard University,Massachusetts Hall,Cambridge,MA,14666,91.962908,1.75
Lincoln Technical Institute-Hamden,109 Sanford St,Hamden,CT,430,83.885085,1.433333333
Lesley University,29 Everett St,Cambridge,MA,2506,92.584279,1.766666667
The New England Institute of Art,10 Brookline Place West,Brookline,MA,1213,91.341537,1.766666667
Lawrence Memorial Hospital School of Nursing,170 Governors Ave,Medford,MA,337,90.098795,1.8
Cambridge College,1000 Massachusetts Avenue,Cambridge,MA,1607,91.341537,1.733333333
Northeastern University Global Network,360 Huntington Ave,Boston,MA,0,95.691134,1.9
Wheelock College,200 Riverway,Boston,MA,1018,93.20565,1.766666667
New England Institute of Technology,One New England Tech Boulevard,East Greenwich,RI,3927,103.147586,1.916666667
Emmanuel College,400 The Fenway,Boston,MA,2489,93.20565,1.783333333
Connecticut College,270 Mohegan Avenue,New London,CT,2089,100.662102,1.716666667
MCPHS University,179 Longwood Ave,Boston,MA,3939,93.20565,1.783333333
Boston University,One Silber Way,Boston,MA,23831,91.962908,1.75
Curry College,1071 Blue Hill Ave,Milton,MA,3264,98.797989,1.883333333
Simmons College,300 The Fenway,Boston,MA,1920,93.20565,1.766666667
Massachusetts College of Art and Design,621 Huntington Ave,Boston,MA,2776,93.20565,1.766666667
Boston Baptist College,950 Metropolitan Ave,Boston,MA,98,99.41936,1.9
New England School of Photography,537 Commonwealth Ave,Boston,MA,90,92.584279,1.75
Kaplan Career Institute-Boston,540 Commonwealth Ave,Boston,MA,0,92.584279,1.716666667
School of the Museum of Fine Arts-Boston,230 The Fenway,Boston,MA,587,92.584279,1.75
Wentworth Institute of Technology,550 Huntington Ave,Boston,MA,4078,93.827021,1.766666667
Roxbury Community College,1234 Columbus Ave,Roxbury Crossing,MA,3824,93.827021,1.783333333
College of St Mary Magdalen,511 Kearsarge Mtn Rd,Warner,NH,0,96.933876,2.066666667
Massachusetts Institute of Technology,77 Massachusetts Avenue,Cambridge,MA,4572,93.20565,1.766666667
The Boston Conservatory,8 the Fenway,Boston,MA,530,92.584279,1.733333333
Oxford Academy of Hair Design,153 North Street,Seymour,CT,167,93.20565,1.616666667
Northeastern University,360 Huntington Ave,Boston,MA,21832,93.20565,1.75
Berklee College of Music,1140 Boylston St,Boston,MA,5214,91.962908,1.7
New England College of Optometry,424 Beacon St,Boston,MA,0,91.962908,1.716666667
Boston Architectural College,320 Newbury Street,Boston,MA,587,91.962908,1.7
United States Coast Guard Academy,15 Mohegan Avenue,New London,CT,967,101.283473,1.716666667
The New England Conservatory of Music,290 Huntington Ave,Boston,MA,438,92.584279,1.733333333
Bay State School of Technology,225 Turnpike St,Canton,MA,310,98.176618,1.816666667
Lincoln Technical Institute-Somerville,5 Middlesex Ave,Somerville,MA,565,91.962908,1.85
Le Cordon Bleu College of Culinary Arts-Cambridge,215 First St,Cambridge,MA,1022,93.20565,1.766666667
Medical Professional Institute,380-388 Pleasant Street,Malden,MA,409,91.341537,1.883333333
Merrimack College,315 Turnpike St,North Andover,MA,2773,88.856053,1.666666667
Empire Beauty School-Malden,347 Pleasant St,Malden,MA,259,91.962908,1.916666667
Bay State College,122 Commonwealth Avenue,Boston,MA,1464,92.584279,1.733333333
Sanford-Brown College-Boston,126 Newbury Street,Boston,MA,271,92.584279,1.75
Blue Hills Regional Technical School,800 Randolph St,Canton,MA,46,98.176618,1.833333333
Motoring Technical Training Institute,1241 Fall River Avenue,Seekonk,MA,484,96.312505,1.866666667
The Salter School-Malden Campus,2 Florence St,Malden,MA,663,91.341537,1.9
Lyme Academy College of Fine Arts,84 Lyme St,Old Lyme,CT,80,100.662102,1.666666667
Fisher College,118 Beacon Street,Boston,MA,3090,93.20565,1.75
Kaplan Career Institute-Charlestown,570 Rutherford Ave,Charlestown,MA,329,95.069763,1.816666667
Emerson College,120 Boylston Street,Boston,MA,3999,93.20565,1.75
Hult International Business School,1 Education Street,Cambridge,MA,0,93.827021,1.8
Bunker Hill Community College,250 New Rutherford Ave,Boston,MA,19365,95.691134,1.85
Benjamin Franklin Institute of Technology,41 Berkeley St,Boston,MA,757,93.20565,1.733333333
Modern Welding School,1842 State St,Schenectady,NY,107,114.953635,1.9
Massachusetts General Hospital Dietetic Internship,Fruit St,Boston,MA,0,95.691134,1.816666667
Bard College,Annandale Road,Annandale-On-Hudson,NY,2948,118.681861,2.1
New England Hair Academy,492-500 Main St,Malden,MA,344,91.962908,1.916666667
New England School of Law,154 Stuart St,Boston,MA,0,93.20565,1.75
Paier College of Art Inc,20 Gorham Ave,Hamden,CT,205,86.370569,1.466666667
Wheaton College,26 E Main St,Norton,MA,1639,98.797989,1.8
Urban College of Boston,178 Tremont St 7th Fl,Boston,MA,945,93.20565,1.75
Empire Beauty School-Boston,30 West Street,Boston,MA,417,93.827021,1.766666667
Suffolk University,8 Ashburton Place,Boston,MA,6472,93.827021,1.8
University of Massachusetts-Central Office,225 Franklin Stree," 12th Floor""",Boston,0,93.827021,1.766666667
Ridley-Lowell Business & Technical Institute-New London,470 Bank Street,New London,CT,494,97.555247,1.733333333
Granite State College,25 Hall Street,Concord,NH,2713,96.312505,1.966666667
MGH Institute of Health Professions,36 1st Avenue,Boston,MA,794,95.691134,1.85
Eli Whitney Technical High School,71 Jones Rd,Hamden,CT,56,86.99194,1.5
New England College of Business and Finance,10 High St Ste 204,Boston,MA,1049,93.827021,1.75
University of New Hampshire-School of Law,2 White St,Concord,NH,0,95.069763,1.983333333
North Bennet Street School,150 North Street,Boston,MA,176,95.069763,1.783333333
Marinello Schools of Beauty-Niantic,63 Pennsylvania Avenue,Niantic,CT,518,100.662102,1.716666667
New England Tractor Trailer Training School of Massachusetts,1600 Osgood Street,North Andover,MA,509,92.584279,1.733333333
Albertus Magnus College,700 Prospect St,New Haven,CT,1774,87.613311,1.533333333
Laboure College,303 Adams Street,Milton,MA,948,100.662102,1.916666667
Belanger School of Nursing,650 McClellan St,Schenectady,NY,145,116.196377,1.916666667
Unification Theological Seminary,30 Seminary Drive,Barrytown,NY,0,119.924603,2.133333333
Colby-Sawyer College,541 Main St,New London,NH,1469,105.63307,2.083333333
European Academy of Cosmetology and Hairdressing,1575 Boston Post Rd Bldg C,Guilford,CT,32,102.526215,1.683333333
Southern Connecticut State University,501 Crescent Street,New Haven,CT,9217,88.234682,1.566666667
Everest Institute-Chelsea,70 Everett Ave - 4th Floor,Chelsea,MA,676,98.176618,1.866666667
Connecticut Center for Massage Therapy-Groton,1154 Poquonnock Rd,Groton,CT,229,100.662102,1.766666667
University of Massachusetts-Boston,100 Morrissey Boulevard,Boston,MA,15741,96.933876,1.85
NHTI-Concord's Community College,31 College Drive,Concord,NH,5814,98.797989,2.033333333
Mitchell College,437 Pequot Avenue,New London,CT,956,98.797989,1.816666667
Union Graduate College,80 Nott Terrace,Schenectady,NY,0,116.817748,1.966666667
Union College,807 Union St,Schenectady,NY,2295,118.06049,1.966666667
Yale University,Woodbridge Hall,New Haven,CT,6380,90.098795,1.533333333
University of Phoenix-Boston Campus,19 Granite Street,Braintree,MA,310,101.283473,1.866666667
Gateway Community College,20 Church Street,New Haven,CT,11176,90.098795,1.516666667
Schenectady County Community College,78 Washington Avenue,Schenectady,NY,8880,116.817748,1.916666667
Stonehill College,320 Washington Street,Easton,MA,2606,105.011699,1.983333333
Yale-New Haven Hospital Dietetic Internship,20 York St EPB 806,New Haven,CT,0,90.720166,1.516666667
University of Connecticut-Avery Point,1084 Shennecossett Rd,Groton,CT,891,102.526215,1.85
Eastern Nazarene College,23 E Elm Ave,Quincy,MA,1521,101.283473,1.983333333
Lincoln Technical Institute-Brockton,365 Westgate Drive,Brockton,MA,601,106.254441,1.933333333
Sullivan and Cogliano Training Center,460 Belmont Street,Brockton,MA,1394,106.254441,1.933333333
Washington Saratoga Warren Hamilton Essex BOCES-Practical Nursing Program,15 Henning Rd,Saratoga Springs,NY,67,132.352023,2.15
Northpoint Bible College,320 South Main Street,Haverhill,MA,462,96.312505,1.8
Branford Hall Career Institute-Branford Campus,1 Summit Place,Branford,CT,943,93.827021,1.583333333
Porter and Chester Institute of Branford,221 W Main St,Branford,CT,742,93.20565,1.583333333
Branford Academy of Hair and Cosmetology,251 West Main St,Branford,CT,105,93.20565,1.583333333
Quincy College,1250 Hancock Street,Quincy,MA,7204,104.390328,1.95
Southeastern Technical Institute,250 Foundry St,South Easton,MA,139,103.147586,1.916666667
Mansfield Beauty Schools-Quincy,200 Parking Way,Quincy,MA,100,103.768957,1.916666667
La Baron Hairdressing Academy-Brockton,240 Liberty St,Brockton,MA,84,105.63307,2
Massachusetts School of Barbering,64 Ross Way,Quincy,MA,150,103.768957,1.933333333
University of New Haven,300 Boston Post Road,West Haven,CT,5409,93.827021,1.6
SUNY Empire State College,One Union Ave,Saratoga Springs,NY,18788,132.973394,2.183333333
Ailano School of Cosmetology,541 West St,Brockton,MA,58,108.739925,1.983333333
John Paolo's Xtreme Beauty Institute-Goldwell Product Artistry,2144 Saratoga Ave,Ballston Spa,NY,216,130.48791,2.133333333
Skidmore College,815 N Broadway,Saratoga Springs,NY,2860,134.837507,2.2
Northern Essex Community College,100 Elliott Street,Haverhill,MA,9732,99.41936,1.816666667
Stone Academy-Hamden,560 Saw Mill Road,West Haven,CT,607,93.827021,1.566666667
North Shore Community College,1 Ferncroft Rd,Danvers,MA,11144,100.040731,1.95
University of Rhode Island,Green Hal," 35 Campus Avenue""",Kingston,15584,118.681861,2.233333333
Rob Roy Academy-Taunton,1 School St,Taunton,MA,111,104.390328,1.933333333
Ulster County BOCES-Practical Nursing Program,Route 9W,Port Ewen,NY,121,137.322991,2.25
Signature Healthcare Brockton Hospital School of Nursing,680 Centre St,Brockton,MA,346,109.361296,2.066666667
Dutchess BOCES-Practical Nursing Program,5 BOCES Road,Poughkeepsie,NY,230,130.48791,2.233333333
Massasoit Community College,One Massasoit Boulevard,Brockton,MA,11856,109.982667,2.083333333
Roger Williams University School of Law,Ten Metacom Ave,Bristol,RI,0,107.497183,2.133333333
Western Connecticut State University,181 White Street,Danbury,CT,6932,107.497183,1.866666667
Roger Williams University,One Old Ferry Road,Bristol,RI,4847,108.118554,2.133333333
Lincoln Technical Institute-Shelton,8 Progress Drive,Shelton,CT,915,100.040731,1.733333333
Ridley-Lowell Business & Technical Institute-Danbury,44 Shelter Rock Rd,Danbury,CT,258,107.497183,1.85
Platt Technical High School,600 Orange Ave,Milford,CT,18,96.312505,1.633333333
Paul Mitchell the School-Danbury,2 National Place,Danbury,CT,165,108.739925,1.866666667
Marian Court College,35 Little's Point Rd,Swampscott,MA,251,108.739925,2.166666667
Dutchess Community College,53 Pendell Rd,Poughkeepsie,NY,13291,134.837507,2.366666667
Salem State University,352 Lafayette St,Salem,MA,9483,108.739925,2.116666667
Culinary Institute of America,1946 Campus Drive,Hyde Park,NY,4548,134.837507,2.366666667
Adirondack Beauty School,108 Dix Ave,Glens Falls,NY,38,150.993153,2.483333333
Bridgewater State University,131 Summer Street,Bridgewater,MA,10913,109.361296,2.016666667
Montserrat College of Art,23 Essex Street,Beverly,MA,420,108.739925,2.05
Vassar College,124 Raymond Ave,Poughkeepsie,NY,2680,136.080249,2.383333333
Rob Roy Academy-Fall River,260 S Main St,Fall River,MA,184,106.254441,1.983333333
Salter School-Fall River,82 Hartwell Street,Fall River,MA,502,106.254441,1.983333333
Marist College,3399 North Rd,Poughkeepsie,NY,6077,136.080249,2.416666667
Green Mountain College,One Brennan Circle,Poultney,VT,672,129.245168,2.416666667
Ridley-Lowell Business & Technical Institute-Poughkeepsie,26 South Hamilton St,Poughkeepsie,NY,656,134.837507,2.366666667
Bristol Community College,777 Elsbree St,Fall River,MA,11987,111.84678,2.116666667
Diman Regional Technical Institute,251 Stonehaven Rd,Fall River,MA,84,107.497183,2.05
College of St Joseph,71 Clement Road,Rutland,VT,209,111.84678,2.166666667
Endicott College,376 Hale Street,Beverly,MA,2890,112.468151,2.116666667
Gordon-Conwell Theological Seminary,130 Essex St,South Hamilton,MA,0,113.710893,2.15
New England School of Hair Design Inc,12 Interchange Dr,West Lebanon,NH,82,101.904844,1.666666667
Adirondack Community College,640 Bay Rd,Queensbury,NY,5237,153.478637,2.533333333
Upper Valley Educators Institute,194 Dartmouth College Highway,Lebanon,NH,0,107.497183,1.716666667
Lebanon College,15 Hanover Street,Lebanon,NH,239,104.390328,1.7
Spa Tech Institute-Ipswich,126 High St,Ipswich,MA,117,106.254441,2.116666667
Gordon College,255 Grapevine Rd,Wenham,MA,1695,112.468151,2.083333333
Bullard-Havens Technical High School,500 Palisade Avenue,Bridgeport,CT,27,104.390328,1.816666667
Sacred Heart University,5151 Park Ave,Fairfield,CT,4791,106.254441,1.783333333
International Yacht Restoration School,449 Thames St,Newport,RI,85,123.031458,2.35
St Vincent's College,2800 Main St,Bridgeport,CT,945,104.390328,1.766666667
Bridgeport Hospital School of Nursing,200 Mill Hill Ave,Bridgeport,CT,211,105.63307,1.816666667
New England Tractor Trailer Training School of CT-Bridgeport,510 Barnum Ave,Bridgeport,CT,608,105.63307,1.783333333
Salve Regina University,100 Ochre Point Avenue,Newport,RI,2129,124.2742,2.4
Ulster County Community College,491 Cottekill Rd,Stone Ridge,NY,4980,142.91533,2.3
Porter and Chester Institute of Stratford,670 Lordship Blvd,Stratford,CT,6261,105.63307,1.766666667
The Leon Institute of Hair Design,111 Wall St,Bridgeport,CT,28,106.254441,1.783333333
Castleton State College,62 Alumni Dr,Castleton,VT,2259,120.545974,2.266666667
Stratford School of Aviation Maintenance Technicians,200 Great Meadows Rd,Stratford,CT,42,106.254441,1.8
Housatonic Community College,900 Lafayette Blvd,Bridgeport,CT,8827,106.254441,1.766666667
University of Bridgeport,126 Park Avenue,Bridgeport,CT,3088,106.875812,1.816666667
Dartmouth College,207 Parkhurst Hall,Hanover,NH,4646,105.63307,1.716666667
State University of New York at New Paltz,1 Hawk Drive,New Paltz,NY,7583,150.993153,2.433333333
Fairfield University,1073 N Benson Rd,Fairfield,CT,4430,111.225409,1.883333333
University of Massachusetts-Dartmouth,285 Old Westport Rd,North Dartmouth,MA,8394,117.439119,2.216666667
Lakes Region Community College,379 Belmont Road,Laconia,NH,2276,124.2742,2.45
Great Bay Community College,320 Corporate Dr,Portsmouth,NH,3121,124.895571,2.233333333
Empire Beauty School-Laconia,556 Main St,Laconia,NH,144,123.652829,2.45
Salter School-New Bedford,950 Kings Hwy,New Bedford,MA,524,119.924603,2.2
University of New Hampshire-Main Campus,105 Main St," Thompson Hall""",Durham,13599,133.594765,2.383333333
Rob Roy Academy-New Bedford,1872 Acushnet Ave,New Bedford,MA,51,119.924603,2.25
University System of New Hampshire System Office,25 Concord Road Dunlap Center,Durham,NH,0,132.973394,2.333333333
Connecticut Center for Massage Therapy-Westport,25 Sylvan Rd South,Westport,CT,308,115.575006,2
Mount Saint Mary College,330 Powell Avenue,Newburgh,NY,2499,147.264927,2.466666667
La Baron Hairdressing Academy-New Bedford,281 Union St,New Bedford,MA,51,121.167345,2.216666667
Spa Tech Institute-Plymouth,59 Industrial Park Rd,Plymouth,MA,197,124.895571,2.233333333
Fulton-Montgomery Community College,2805 State Hwy 67,Johnstown,NY,3259,139.187104,2.283333333
Hamilton Fulton Montgomery BOCES-Practical Nursing Program,2755 State Highway 67,Johnstown,NY,62,139.808475,2.3
Vermont Law School,164 Chelsea Street,South Royalton,VT,0,116.817748,1.916666667
Empire Beauty School-Portsmouth,2545 Lafayette Rd,Portsmouth,NH,171,126.759684,2.283333333
Putnam Westchester BOCES-Practical Nursing Program,200 BOCES Drive,Yorktown Heights,NY,45,132.973394,2.266666667
United States Military Academy,646 Swift Rd (ATTN: MASG),West  Point,NY,4622,162.177831,2.8
Norwalk Community College,188 Richards Avenue,Norwalk,CT,9328,121.167345,2.066666667
University of Phoenix-Fairfield County Campus,535 Connecticut Ave,Norwalk,CT,38,121.788716,2.05
Finger Lakes School of Massage,272 North Bedford Rd,Mt. Kisco,NY,146,131.730652,2.216666667
Yeshiva of Nitra Rabbinical College,Pines Bridge Road,Mount Kisco,NY,236,131.730652,2.2
Paul Mitchell the School-Portsmouth,140 Congress Street,Portsmouth,NH,33,126.138313,2.2
Empire Beauty School-Somersworth,362 Rte 108,Somersworth,NH,196,139.187104,2.433333333
SUNY College of Agriculture and Technology at Cobleskill,Rt 7,Cobleskill,NY,2755,144.779443,2.283333333
Plymouth State University,17 High Street,Plymouth,NH,4587,144.158072,2.583333333
Kehilath Yakov Rabbinical Seminary,340  Illington Road,Ossining,NY,113,137.944362,2.366666667
Empire Beauty School-Peekskill,19 Bank St,Peekskill,NY,81,141.672588,2.533333333
Ohr Hameir Theological Seminary,141 Furnace Woods Rd,Peekskill,NY,121,142.91533,2.516666667
LIU Riverhead,121 Speonk-Riverhead Rd,Riverhead,NY,60,150.993153,3.733333333
Bais Binyomin Academy,132 Prospect St,Stamford,CT,65,128.002426,2.183333333
University of Connecticut-Stamford,One University Place,Stamford,CT,1832,128.002426,2.2
Stony Brook University,310 Administration Building,Stony Brook,NY,18813,129.866539,3.283333333
Vermont Technical College,1 Main Street,Randolph Center,VT,1951,130.48791,2.05
Massachusetts Maritime Academy,101 Academy Dr,Buzzards Bay,MA,1454,131.730652,2.333333333
Suffolk County Community College,533 College Rd,Selden,NY,33874,132.973394,3.333333333
SUNY at Purchase College,735 Anderson Hill Rd,Purchase,NY,4986,137.322991,2.333333333
LIU Hudson at Westchester,LIU/Westchester Campu," 735 Anderson Hill Road""",Purchase,0,137.944362,2.366666667
Upper Cape Cod Regional Technical School,220 Sandwich Road,Bourne,MA,59,139.187104,2.383333333
Uta Mesivta of Kiryas Joel,48 Bakertown Rd Suite 501,Monroe,NY,1516,167.77017,2.783333333
New York Medical College,Administration Building,Valhalla,NY,0,143.536701,2.433333333
SUNY Westchester Community College,75 Grasslands Road,Valhalla,NY,22080,144.779443,2.466666667
Manhattanville College,2900 Purchase St,Purchase,NY,1937,137.944362,2.333333333
Word of Life Bible Institute,4200 Glendale Road,Pottersville,NY,565,182.061703,2.883333333
Sanford-Brown Institute-White Plains,333 Westchester Avenue,White Plains,NY,879,140.429846,2.383333333
Long Island Beauty School-Hauppauge,544 Rte 111,Hauppauge,NY,450,190.760897,3.3
New York School of Esthetics & Day Spa,14 North Broadway,Tarrytown,NY,133,146.022185,2.5
The College of Westchester,325 Central Ave,White Plains,NY,1564,143.536701,2.416666667
Eastern Suffolk BOCES-Practical Nursing Program,201 Sunrise Hwy,Patchogue,NY,447,137.944362,3.416666667
National Graduate School of Quality Management,186 Jones Road,Falmouth,MA,131,147.886298,2.533333333
New York Institute of Beauty,11 Oval Drive,Islandia,NY,180,190.760897,3.3
Rockland County BOCES-Practical Nursing Program,65 Parrott Rd,West Nyack,NY,106,156.585492,2.7
Branford Hall Career Institute-Bohemia Campus,565 Johnson Avenue,Bohemia,NY,1328,195.731865,3.416666667
Nyack College,1 South Blvd,Nyack,NY,2416,152.857266,2.616666667
Be'er Yaakov Talmudic Seminary,12 Jefferson Avenue,Spring Valley,NY,289,161.55646,2.75
Watson School of Biological Sciences at Cold Spring Harbor Laboratory,1 Bungtown Rd,Cold Spring Harbor,NY,0,180.19759,3.183333333
Seacoast Career Schools-Sanford Campus,One Eagle Dr Ste 1,Sanford,ME,396,152.235895,2.633333333
Southern Westchester BOCES-Practical Nursing Program,450 Mamaroneck Avenue,Harrison,NY,211,141.051217,2.366666667
LIU Brentwood,Michael J. Grant Campu," 1001 Crooked Hill Road""",Brentwood,52,187.032671,3.233333333
Yeshivath Zichron Moshe,Laurel Park Road,South Fallsburgh,NY,222,175.226622,3.05
Middlebury College,Old Chapel,Middlebury,VT,3728,150.371782,2.866666667
York County Community College,112 College Drive,Wells,ME,2174,146.022185,2.516666667
Mercy College,555 Broadway,Dobbs Ferry,NY,10037,150.371782,2.6
Orange County Community College,115 South St,Middletown,NY,10125,172.119767,2.85
Capri School of Hair Design,251 West Route 59,Nanuet,NY,446,157.206863,2.666666667
Sullivan County Community College,112 College Road,Loch Sheldrake,NY,2301,176.469364,3.05
Dominican College of Blauvelt,470 Western Highway,Orangeburg,NY,1745,157.828234,2.716666667
Orange Ulster BOCES-Practical Nursing Program,130 Dolson Avenue,Middletown,NY,82,171.498396,2.816666667
Yeshiva Gedolah Kesser Torah,28 Cedar Lane,Monsey,NY,90,160.935089,2.8
St Thomas Aquinas College,125 Rte 340,Sparkill,NY,2015,155.34275,2.683333333
Beauty School of Middletown,225 Dolson Ave,Middletown,NY,105,170.877025,2.783333333
Rockland Community College,145 College Rd,Suffern,NY,11105,164.663315,2.833333333
Yeshivath Viznitz,25 Phyllis Terrace,Monsey,NY,523,160.313718,2.783333333
Dowling College,150 Idle Hour Blvd,Oakdale,NY,2946,196.974607,3.4
Yeshiva D'monsey Rabbinical College,2 Roman Blvd,Monsey,NY,50,159.692347,2.766666667
Saint Vladimirs Orthodox Theological Seminary,575 Scarsdale Rd,Crestwood,NY,0,146.643556,2.516666667
Five Towns College,305 North Service Road,Dix Hills,NY,980,180.818961,3.116666667
Bais Medrash Elyon,73 Main St,Monsey,NY,14,160.313718,2.766666667
LIU Hudson at Rockland,70 Route 340,Orangeburg,NY,0,160.313718,2.716666667
Rabbinical College Beth Shraga,28 Saddle River Rd,Monsey,NY,51,160.313718,2.783333333
Yeshiva Shaarei Torah of Rockland,91 W Carlton Rd,Suffern,NY,119,164.041944,2.8
Webb Institute,298 Crescent Beach Rd,Glen Cove,NY,79,174.605251,3.133333333
Iona College,715 North Ave,New Rochelle,NY,3724,146.022185,2.483333333
Concordia College-New York,171 White Plains Rd,Bronxville,NY,996,146.022185,2.516666667
SBI Campus-An Affiliate of Sanford-Brown,320 S. Service Road,Melville,NY,625,178.954848,3.116666667
Cochran School of Nursing,967 North Broadway-Andrus Pavillion-Saint John's Riversid,"  HOSP""",Yonkers,116,154.100008,2.65
New York College of Health Professions,6801 Jericho Tpk,Syosset,NY,779,172.741138,3
Star Career Academy-Syosset,125 Michael Drive,Syosset,NY,600,172.741138,3
Norwich University,158 Harmon Drive,Northfield,VT,2647,146.022185,2.316666667
Sarah Lawrence College,One Meadway,Bronxville,NY,1491,149.12904,2.55
The College of New Rochelle,29 Castle Pl,New Rochelle,NY,4330,147.264927,2.5
LIU Post,720 Northern Blvd,Brookville,NY,9023,170.255654,3
LIU-University Center Campus,700 Northern Boulevard,Brookville,NY,0,170.255654,2.983333333
Farmingdale State College,2350 Broadhollow Road,Farmingdale,NY,10890,180.818961,3.15
New York Institute of Technology,Northern Blvd,Old Westbury,NY,5209,169.634283,2.966666667
Westchester School of Beauty Culture,Six Gramatan Avenue      Suite 200,Mount Vernon,NY,186,149.12904,2.55
Dorothea Hopfer School of Nursing-Mt Vernon Hospital,53 Valentine St,Mount Vernon,NY,161,149.750411,2.55
SUNY College of Technology at Delhi,2 Main Street,Delhi,NY,3910,187.654042,3.2
Sullivan County BOCES-Practical Nursing Program,52 Ferndale Loomis Rd,Liberty,NY,37,183.304445,3.233333333
Cape Cod Community College,2240 Iyannough Rd,West Barnstable,MA,6105,151.614524,2.65
Lincoln Technical Institute-Mahwah,70 McKee Dr,Mahwah,NJ,887,167.77017,2.85
SUNY College at Old Westbury,223 Store Hill Rd,Old Westbury,NY,5137,169.634283,2.983333333
St Joseph's Medical Center School of Radiography,127 S Broadway,Yonkers,NY,23,151.614524,2.6
Briarcliffe College,1055 Stewart Ave,Bethpage,NY,2977,176.469364,3.1
The Landing School,286 River Rd,Arundel,ME,78,154.721379,2.683333333
Eastwick College-Ramsey,10 South Franklin Turnpike,Ramsey,NJ,1827,165.284686,2.866666667
College of Mount Saint Vincent,6301 Riverdale Ave,Bronx,NY,1807,154.100008,2.666666667
Western Suffolk BOCES,152 Laurel Hill Rd,Northport,NY,444,185.789929,3.266666667
Hunter Business School,3601 Hempstead Tpk,Levittown,NY,1585,177.712106,3.1
Yeshiva of the Telshe Alumni,4904 Independence Ave,Riverdale,NY,99,154.100008,2.616666667
Long Island Nail & Skin Care Institute,3709 Hempstead Turnpike,Levittown,NY,165,177.712106,3.083333333
Manhattan College,4513 Manhattan College Parkway,Riverdale,NY,3454,153.478637,2.616666667
Ramapo College of New Jersey,505 Ramapo Valley Rd,Mahwah,NJ,6541,170.877025,2.916666667
Brittany Beauty School,3274Hempstead Tpk,Levittown,NY,234,176.469364,3.066666667
Empire Beauty School-Hyannis,259 North Street,Hyannis,MA,150,155.34275,2.766666667
CUNY Lehman College,250 Bedford Park Blvd W,Bronx,NY,12769,154.721379,2.65
United States Merchant Marine Academy,300 Steamboat Rd,Kings Point,NY,1035,163.420573,2.916666667
School of Professional Horticulture at the New York Botanical Garden,2900 Southern Blvd.,Bronx,NY,23,153.478637,2.616666667
Capri Institute of Hair Design-Paramus,615 Winters Ave,Paramus,NJ,319,169.012912,2.85
Fordham University,441 E Fordham Rd,Bronx,NY,9251,153.478637,2.65
Cactus Academy,630 Old Country Road,Garden City,NY,136,170.255654,2.933333333
Monroe College,2501 Jerome Avenue,Bronx,NY,10512,154.721379,2.666666667
Island Drafting and Technical Institute,128 Broadway Rte 110,Amityville,NY,137,183.925816,3.216666667
Brittany Beauty School,210 East 188th St,Bronx,NY,351,155.34275,2.666666667
Nassau Community College,One Education Dr,Garden City,NY,32844,173.362509,3.016666667
Sanford-Brown Institute-Garden City,711 Stewart Avenue,Garden City,NY,1423,170.877025,2.966666667
New York College of Traditional Chinese Medicine,155 First St,Mineola,NY,82,166.527428,2.95
SUNY Maritime College,6 Pennyfield Avenue,Throggs Neck,NY,1814,154.100008,2.633333333
American Beauty School,1380 Metropolitan Avenue,Bronx,NY,340,154.100008,2.633333333
CUNY Bronx Community College,2155 University Avenue,Bronx,NY,14955,155.964121,2.666666667
Career Institute of Health and Technology,400 Oak Street,Garden City,NY,558,171.498396,2.983333333
Bergen Community College,400 Paramus Rd,Paramus,NJ,23874,170.255654,2.916666667
Hofstra University,100 Hofstra University,Hempstead,NY,7587,172.119767,3.016666667
Empire Beauty School-Paramus,332 Rt 4 E,Paramus,NJ,222,164.663315,2.883333333
Yeshiva University,500 W 185th St,New York,NY,2921,158.449605,2.75
Adult and Continuing Education-BCTS,200A Hackensack Avenue,Hackensack,NJ,159,164.041944,2.866666667
Vermont State Colleges-Office of the Chancellor,575 Stone Cutters Wa," Suite 1""",Montpelier,0,153.478637,2.416666667
Lincoln Technical Institute-Paramus,240 Bergen Town Center,Paramus,NJ,1203,165.906057,2.916666667
Vermont College of Fine Arts,36 College St,Montpelier,VT,0,153.478637,2.433333333
Fairleigh Dickinson University-Metropolitan Campus,1000 River Rd,Teaneck,NJ,7745,163.420573,2.883333333
Veeb Nassau County School of Practical Nursing,899a Jerusalem Ave,Uniondale,NY,201,173.362509,3.033333333
Adelphi University,South Ave,Garden City,NY,5741,167.148799,3.033333333
Holy Name Medical Center School of Nursing,690 Teaneck Rd,Teaneck,NJ,147,162.799202,2.866666667
SUNY Oneonta,Ravine Parkway,Oneonta,NY,6371,179.576219,2.85
Otsego Area BOCES-Practical Nursing Program,31 Center Street 3rd floor,Oneonta,NY,44,178.333477,2.8
Franklin Career Institute,91 N Franklin St,Hempstead,NY,984,170.877025,2.966666667
New England Culinary Institute,56 College Street,Montpelier,VT,665,154.100008,2.45
Long Island Beauty School-Hempstead,173-A  Fulton Ave,Hempstead,NY,267,170.877025,2.983333333
CUNY Queensborough Community College,222-05 56th Ave,Bayside,NY,21411,159.070976,2.75
Suburban Technical School,175 Fulton Ave,Hempstead,NY,0,170.877025,2.966666667
Long Island Barber Institute,266 Greenwich Street,Hempstead,NY,120,171.498396,2.983333333
Lincoln Technical Institute-Whitestone,15-30 Petracca Pl,Whitestone,NY,1154,155.34275,2.65
Hartwick College,One Hartwick Drive,Oneonta,NY,1640,179.576219,2.85
Parisian Beauty School,362 State St,Hackensack,NJ,554,164.663315,2.916666667
Academy of Massage Therapy,321 Main Stree," 2nd Floor""",Hackensack,123,164.663315,2.916666667
Eastwick College-Hackensack,250 Moore Street,Hackensack,NJ,951,165.284686,2.916666667
Roman Academy of Beauty Culture,431 Lafayette Ave,Hawthorne,NJ,112,176.469364,3.016666667
Boricua College,3755 Broadway,New York,NY,1411,159.070976,2.733333333
Dance Theatre of Harlem Inc,466 W 152nd St,New York,NY,19,158.449605,2.716666667
CUNY Hostos Community College,500 Grand Concourse,Bronx,NY,9147,159.070976,2.733333333
Goddard College,123 Pitkin Road,Plainfield,VT,308,160.313718,2.583333333
Molloy College,1000 Hempstead Ave,Rockville Centre,NY,6163,170.877025,2.983333333
CUNY City College,160 Convent Ave,New York,NY,15386,160.313718,2.766666667
New York Medical Career Training Center,36-09 Main St 5th Fl,Flushing,NY,1118,156.585492,2.7
Long Island Business Institute,136-18 39th Avenu," Fifth Floor""",Flushing,1657,157.206863,2.733333333
University of New England,11 Hills Beach Rd,Biddeford,ME,5834,163.420573,2.85
Global Business Institute,145 E 125th Street,New York,NY,0,159.070976,2.733333333
New York College of Podiatric Medicine,53 East 124 Street,New York,NY,0,159.070976,2.75
Jewish Theological Seminary of America,3080 Broadway,New York,NY,174,160.313718,2.766666667
Manhattan School of Music,120 Claremont Ave,New York,NY,395,160.313718,2.8
Helene Fuld College of Nursing,24 East 120th Street,New York,NY,639,159.692347,2.75
Jersey College,546 U.S. Highway 46,Teterboro,NJ,2637,164.663315,2.866666667
Union Theological Seminary in the City of New York,3041 Broadway,New York,NY,0,160.313718,2.783333333
William Paterson University of New Jersey,300 Pompton Rd,Wayne,NJ,11771,180.19759,3.116666667
Teachers College at Columbia University,525 W 120th St,New York,NY,0,160.313718,2.783333333
New York Theological Seminary,475 Riverside Dr  Ste 500,New York,NY,0,160.313718,2.8
Institute for Therapeutic Massage,1069 Ringwood Avenu," Suite 315""",Haskell,124,178.333477,2.983333333
Columbia University in the City of New York,West 116 St and Broadway,New York,NY,8074,160.935089,2.783333333
Barnard College,3009 Broadway,New York,NY,2609,160.935089,2.8
Vaughn College of Aeronautics and Technology,86-01 23rd Avenue,Flushing,NY,2195,159.692347,2.75
CUNY Queens College,65-30 Kissena Blvd,Flushing,NY,19975,160.313718,2.783333333
Hohokus School of Trade and Technical Sciences,634 Market Street,Paterson,NJ,276,170.877025,2.983333333
Passaic County Community College,One College Blvd,Paterson,NJ,12586,172.119767,3.016666667
Bank Street College of Education,610 W 112 St,New York,NY,0,160.935089,2.8
St John's University-New York,8000 Utopia Pky,Queens,NY,17230,161.55646,2.816666667
Felician College,262 S Main St,Lodi,NJ,1983,167.77017,3
Icahn School of Medicine at Mount Sinai,One Gustave L Levy Plac," Box 1217""",New York,0,160.935089,2.816666667
Rabbinical Seminary of America,76-01 147th St,Flushing,NY,269,160.313718,2.783333333
New York Automotive and Diesel Institute,178-18 Liberty Avenue,Jamaica,NY,769,162.799202,2.85
Dover Business College,600 Getty Avenue,Clifton,NJ,1754,171.498396,3
Herkimer County Community College,100 Reservoir Rd,Herkimer,NY,5314,178.954848,2.816666667
Capri Institute of Hair Design-Clifton,1595 Main Ave,Clifton,NJ,421,171.498396,3
Teterboro School of Aeronautics,80 Moonachie Ave,Teterboro,NJ,371,167.148799,2.95
Plaza College,74-09 37th Ave,Jackson Heights,NY,1403,161.55646,2.8
Fox Institute of Business-Clifton,346 LEXINGTON AVE,CLIFTON,NJ,960,172.119767,3
Star Career Academy-Clifton,1230 Main Street,Clifton,NJ,548,172.119767,3
Allen School-Jamaica,163-18 Jamaica Avenue,Jamaica,NY,725,162.177831,2.833333333
Empire Beauty School-Queens,38-15 Broadway,Astoria,NY,363,160.935089,2.816666667
CUNY York College,94-20 Guy R. Brewer Blvd,Jamaica,NY,10532,163.420573,2.85
CUNY System Office,205 East 42nd Street,New York,NY,0,160.935089,2.833333333
New Life Business Institute,161-10 Jamaica Ave Ste 404,Jamaica,NY,269,162.177831,2.833333333
St Paul's School of Nursing-Queens,97-77 Queens Blvd,Rego Park,NY,705,160.313718,2.783333333
Metropolitan Learning Institute,97-77 Queens Blv," 9th Floor""",Rego Park,1378,160.313718,2.766666667
Berkeley College-Woodland Park,44 Rifle Camp Rd,Woodland Park,NJ,3909,173.362509,3.016666667
Bramson ORT College,69-30 Austin St,Forest Hills,NY,1345,160.313718,2.8
Business Informatics Center Inc,134 S Central Ave,Valley Stream,NY,89,167.148799,2.916666667
Ace Computer Training Center,109-19 72nd Roa," STE # 4F""",Forest Hills,168,160.313718,2.8
Marymount Manhattan College,221 E 71st St,New York,NY,2169,161.55646,2.833333333
American Musical and Dramatic Academy,211 West 61st Street,New York,NY,1643,163.420573,2.816666667
New York School of Interior Design,170 East 70th Street,New York,NY,616,161.55646,2.85
Weill Cornell Medical College,1300 York Av," C-118""",New York,0,162.177831,2.833333333
Memorial Hospital School of Radiation Therapy Technology,1275 York Ave,New York,NY,20,162.177831,2.833333333
Gerstner Sloan-Kettering Graduate School of Biomedical Sciences,417 E 68th S," Suite 669""",New York,0,162.177831,2.85
CUNY Hunter College,695 Park Ave,New York,NY,20978,162.177831,2.883333333
Rockefeller University,1230 York Avenue,New York,NY,0,162.177831,2.833333333
The Juilliard School,60 Lincoln Center Plaza,New York,NY,669,164.663315,2.866666667
Yeshiva Shaar Hatorah,117-06 84 Ave,Kew Gardens,NY,80,161.55646,2.816666667
Apex Technical School,24-02 Queens Plaza South,Long Island City,NY,2472,162.799202,2.883333333
Berk Trade and Business School,33-09 Queens Boulevard,Long Island City,NY,400,162.177831,2.883333333
New York School for Medical and Dental Assistants,33-10 Queens Blvd,Long Island City,NY,389,164.041944,2.866666667
Robert Fiance Beauty Schools-West New York,5518 Bergenline Ave,West New York,NJ,339,165.284686,3
Herkimer County BOCES-Practical Nursing Program,295 W Main St,Ilion,NY,125,180.19759,2.816666667
CUNY John Jay College of Criminal Justice,524 W 59th St,New York,NY,15631,164.041944,2.833333333
CUNY LaGuardia Community College,31-10 Thomson Ave,Long Island City,NY,26011,164.663315,2.883333333
Lia Schorr Institute of Cosmetic Skin Care Training,686 Lexington Ave 4th Fl,New York,NY,96,162.799202,2.866666667
CUNY School of Law at Queens College,2 Court Square,Long Island City,NY,0,162.177831,2.883333333
Neighborhood Playhouse School of the Theater,340 E 54th St,New York,NY,68,162.177831,2.833333333
The Ailey School,405 W 55th Street,New York,NY,98,164.041944,2.85
Mandl School-The College of Allied Health,254 W 54th St,New York,NY,1367,164.663315,2.883333333
LIM College,12 E 53rd St,New York,NY,2103,165.284686,2.916666667
American Academy McAllister Institute of Funeral Service,619 West 54th Street - 2nd Floor,New York,NY,567,164.041944,2.816666667
Circle in the Square Theater School,1633 Broadway,New York,NY,78,164.663315,2.866666667
Digital Film Academy,630 9th Ave Ste 901,New York,NY,49,164.663315,2.883333333
Berkeley College-New York,3 East 43 Street,New York,NY,6643,165.284686,2.933333333
Fortis Institute-Wayne,201 Willowbrook Blvd.,Wayne,NJ,806,179.576219,3.033333333
Spanish-American Institute,215 West 43 Stree," Second Floor""",New York,51,165.284686,2.883333333
Christie's Education,11 West 42nd Stree," 8th Floor""",New York,0,165.284686,2.916666667
SUNY College of Optometry,33 West 42nd Street,New York,NY,0,165.284686,2.916666667
Total Image Beauty Academy,3900 Bergenline ave,Union City,NJ,124,169.634283,2.983333333
Wood Tobe-Coburn School,8 E 40th St,New  York,NY,578,163.420573,2.883333333
Gemological Institute of America-New York,270 Madison Avenue 2nd Floor,New York,NY,351,163.420573,2.883333333
Stella and Charles Guttman Community College,50 West 40th Street,New York,NY,289,164.041944,2.9
Hair Design Institute at Fifth Avenue-New York,500 8th Ave," 8th Floor""",New York,418,165.284686,2.9
CUNY Graduate School and University Center,365 Fifth Ave,New York,NY,1863,164.041944,2.916666667
New York Institute of English and Business,248 W 35th St,New York,NY,719,165.284686,2.916666667
Institute of Allied Medical Professions-New York,225 West 34th Street,New York,NY,158,165.284686,2.9
DeVry College of New York's Keller Graduate School of Management,180 Madison Ave," Suite 900""",New York,0,164.041944,2.9
DeVry College of New York,180 Madison Ave Ste 900,New York,NY,2252,164.041944,2.9
DeVry College of New York,180 Madison Ave," Ste. 900""",New York,0,164.041944,2.9
Empire Beauty School-Manhattan,22 W 34th St,New York,NY,1372,165.906057,2.933333333
Studio Jewelers,32 E 31 St,New York,NY,140,164.041944,2.916666667
American Academy of Dramatic Arts-New York,120 Madison Ave,New York,NY,220,164.041944,2.916666667
Technical Career Institutes,320 W 31st St,New York,NY,5131,165.284686,2.916666667
New Age Training,145 West 30th Stree," 8th Floor""",New York,349,165.906057,2.95
Manhattan Institute,255 Fifth Avenue,New York,NY,1760,164.041944,2.933333333
A.B.I. School of Barbering & Cosmetology of Chelsea Inc.,252 West 29th Street,New York,NY,0,165.906057,2.916666667
Atelier Esthetique Institute of Esthetics,386 Park Avenue Sout," Suite 1409""",New York,236,164.041944,2.933333333
Fashion Institute of Technology,227 W 27th St,New York,NY,12494,165.906057,2.933333333
Montclair State University,1 Normal Avenue - 855 Valley Road,Montclair,NJ,16649,179.576219,3.066666667
Phillips Beth Israel School of Nursing,766 The Avenue of the Americas 4th Floor,New York,NY,315,165.906057,2.95
Swedish Institute a College of Health Sciences,226 West 26th Street,New York,NY,615,165.906057,2.966666667
CUNY Bernard M Baruch College,One Bernard Baruch Way (55 Lexington Ave at 24th St),New York,NY,17885,164.663315,2.9
Micropower Career Institute,137W 25th street," 5th floor""",New York,359,165.906057,2.95
School of Visual Arts,209 E 23rd St,New York,NY,4712,164.041944,2.883333333
Touro College,27-33 W 23rd St,New York,NY,8931,164.663315,2.933333333
Institute of Culinary Education,50 W 23rd St,New York,NY,981,164.663315,2.916666667
The General Theological Seminary,440 West 21st Street,New York,NY,0,165.906057,2.916666667
Relay Graduate School of Education,40 W 20th S," 7th Fl""",New York,0,165.284686,2.95
New York Conservatory for Dramatic Arts,39 W 19th Street,New York,NY,273,166.527428,2.966666667
Midway Paris Beauty School,54-40 Myrtle Ave,Ridgewood,NY,146,165.906057,2.933333333
SAE Institute of Technology-New York,218 West 18th St Fl 4,New York,NY,324,166.527428,2.983333333
Carsten Institute of Cosmetology,22 E 17th Street-Second Floor,New York,NY,229,166.527428,3
Sanford-Brown Institute-New York,120 E 16th St," 4th Floor""",New York,2611,164.663315,2.916666667
The Collective School Of Music,541 Avenue of the Americas,New York,NY,52,166.527428,2.983333333
Tri-State College of Acupuncture,80 Eighth Ave Rm 400,New York,NY,0,165.906057,2.95
Star Career Academy-New York,154 W 14TH St 10th floor,New York,NY,1683,166.527428,2.966666667
American Academy of Personal Training,138 West 14th Street,New York,NY,0,166.527428,2.966666667
The New School,66 W 12th Street,New York,NY,8496,166.527428,2.983333333
Institute of Audio Research,64 University Place,New York,NY,895,165.284686,2.95
Joffrey Ballet School,434 Ave of the Americas,New York,NY,188,165.284686,2.983333333
Hohokus School-RETS Nutley,103 Park Ave,Nutley,NJ,866,173.98388,3.05
Cooper Union for the Advancement of Science and Art,7 East 7th Street,New York,NY,906,165.284686,2.933333333
Stevens Institute of Technology,Castle Point On Hudson,Hoboken,NJ,2590,168.391541,3.05
Hebrew Union College-Jewish Institute of Religion,One W 4th St,New York,NY,0,165.284686,2.966666667
New York University,70 Washington Sq South,New York,NY,26781,167.148799,3.016666667
United Talmudical Seminary,191 Rodney St.,Brooklyn,NY,1590,167.148799,2.933333333
Arrojo Cosmetology School,56 King St,New York,NY,120,167.148799,3
Rabbinical College of Ohr Shimon Yisroel,215-217 Hewes St,Brooklyn,NY,152,166.527428,2.95
Rabbinical College of Long Island,205 W Beech St,Long Beach,NY,131,174.605251,3.2
Aveda Institute-New York,233 Spring St,New York,NY,244,167.148799,3
The International Culinary Center,462 Broadway,New York,NY,953,167.77017,3.016666667
Metropolitan College of New York,431 Canal St,New York,NY,1263,167.148799,2.983333333
Sotheby's Institute of Art-NY,570 Lexington Avenu," 6th Floor""",New York,0,167.77017,3.033333333
Mesivtha Tifereth Jerusalem of America,145 E Broadway,New York,NY,70,166.527428,2.95
Professional Business College,408 Broadway 2nd Floor,New York,NY,2187,167.77017,3
The Art Institute of New York City,11-17 Beach Street,New York,NY,2061,167.77017,3
Sh'or Yoshuv Rabbinical College,1 Cedarlawn Avenue,Lawrence,NY,158,170.255654,3.033333333
New York Academy of Art,111 Franklin St,New York,NY,0,167.77017,3
New York Law School,185 West Broadway,New York,NY,0,167.77017,3
CUNY Borough of Manhattan Community College,199 Chambers St,New York,NY,32210,167.148799,2.983333333
Globe Institute of Technology,500 7th Ave,New York,NY,888,167.77017,3.016666667
Global Business Institute,1931 Mott Ave,Far Rockaway,NY,0,170.255654,3.05
Miami Ad School-New York,10 Jay Street,Brooklyn,NY,92,168.391541,2.983333333
Yeshiva of Far Rockaway Derech Ayson Rabbinical Seminary,802 Hicksville Rd,Far Rockaway,NY,81,170.255654,3.05
University of Phoenix-Jersey City Campus,100 Town Square Pl,Jersey City,NJ,683,170.255654,3.133333333
Pratt Institute-Main,200 Willoughby Ave,Brooklyn,NY,3717,167.77017,2.983333333
New York Career Institute,11 Park Place 4th Floor,New York,NY,1001,167.77017,2.983333333
Pace University-New York,1 Pace Plaza,New York,NY,9791,167.148799,2.95
Saint Joseph's College-New York,245 Clinton Ave,Brooklyn,NY,5391,167.77017,2.983333333
Pacific College of Oriental Medicine-New York,110 William St. 19th Fl,New York,NY,213,167.148799,2.966666667
Eastern International College-Jersey City,684 Newark Ave,Jersey City,NJ,229,172.119767,3.05
Beis Medrash Heichal Dovid,257 Beach 17th St,Far Rockaway,NY,118,171.498396,3.083333333
The Institute for Health Education,600 Pavonia Avenu," 1st floor""",Jersey City,177,172.741138,3.066666667
CUNY New York City College of Technology,300 Jay St,Brooklyn,NY,20079,168.391541,2.983333333
The Kings College,56 Broadway,New York,NY,583,168.391541,2.983333333
Polytechnic Institute of New York University,Six Metrotech Ctr,Brooklyn,NY,2175,168.391541,2.966666667
Institute of Design and Construction,141 Willoughby St,Brooklyn,NY,178,168.391541,2.95
Career Institute of Health and Technology,340 Flatbush Ave Ext-3rd Floor,Brooklyn,NY,593,169.012912,2.983333333
LIU Brooklyn,1 University Plaza,Brooklyn,NY,5764,168.391541,2.966666667
Hudson County Community College,70 Sip Avenue,Jersey City,NJ,12576,172.741138,3.066666667
ASA College,81 Willoughby Street,Brooklyn,NY,8881,168.391541,2.966666667
Mildred Elley-New York Campus,25 Broadway 16th Floor,New York,NY,1065,168.391541,3.05
P C Age-Jersey City,2815 Kennedy Blv," 3rd Floor""",Jersey City,301,172.119767,3.05
Mountainside School of Nursing,1 Bay Ave,Montclair,NJ,84,183.925816,3.133333333
Empire Beauty School-Jersey City,2800 John F. Kennedy Blvd,Jersey City,NJ,142,172.119767,3.066666667
Allen School-Brooklyn,188 Montague Street,Brooklyn,NY,890,168.391541,3
Eastern School of Acupuncture and Traditional Medicine,427 Bloomfield Avenu," Suite 301""",Montclair,90,183.304445,3.15
Brooklyn Law School,250 Joralemon St,Brooklyn,NY,0,169.012912,2.983333333
St Francis College,180 Remsen St,Brooklyn Heights,NY,3065,169.012912,3
Access Careers,25 Elm Place,Brooklyn,NY,763,168.391541,2.983333333
Starting Points Inc,2737 Kennedy Blvd,Jersey City,NJ,88,172.741138,3.066666667
InterCoast Career Institute-South Portland,207 Gannett Dr,South Portland,ME,531,170.877025,2.883333333
Saint Peter's University,2641 Kennedy Blvd,Jersey City,NJ,2734,173.362509,3.083333333
Bloomfield College,467 Franklin St,Bloomfield,NJ,2243,183.304445,3.1
Empire Beauty School-Bloomfield,15 Ward Street,Bloomfield,NJ,268,183.304445,3.116666667
Associated Beth Rivkah Schools,310 Crown St,Brooklyn,NY,137,169.012912,3.05
CUNY Medgar Evers College,1650 Bedford Ave,Brooklyn,NY,8668,169.012912,3.05
Northeast Technical Institute,51 US RT ," Suite K""",Scarborough,610,172.741138,2.866666667
Caldwell College,120 Bloomfield Avenue,Caldwell,NJ,1699,180.818961,3.233333333
SUNY Downstate Medical Center,450 Clarkson Ave,Brooklyn,NY,423,168.391541,3.066666667
Cosmotech School of Cosmetology,39 Mechanic Stree," Suite 500""",Westbrook,40,175.226622,2.933333333
Christine Valmy International School of Esthetics & Cosmetology,285 Changebridge Road,Pine Brook,NJ,194,183.925816,3.166666667
New Jersey City University,2039 Kennedy Blvd,Jersey City,NJ,7761,177.712106,3.15
Anthem Institute-Jersey City,40 Journal Squar," 1st Floor""",Jersey City,1003,177.712106,3.15
Star Career Academy-Newark,550 Broad Street 2nd Floor,Newark,NJ,1233,175.847993,3.066666667
CUNY Brooklyn College,2900 Bedford Ave,Brooklyn,NY,16559,170.877025,3.15
Mesivta Torah Vodaath Rabbinical Seminary,425 E 9th St,Brooklyn,NY,157,173.98388,3.116666667
Pillar College,60 Park Plac," Suite 701""",Newark,452,175.847993,3.1
Rutgers University-Newark,249 University Avenu," Blumenthal Hall""",Newark,9347,175.847993,3.1
New Jersey Institute of Technology,University Heights,Newark,NJ,8127,175.847993,3.1
Spa Tech Institute-Westbrook,100 Larrabee Road,Westbrook,ME,438,173.362509,2.9
Best Care Training Institute,68 South Harrison,East Orange,NJ,336,178.333477,3.116666667
Manhattan School of Computer Technology,931 Coney Island Avenue,"Brooklyn,",757,173.98388,3.116666667,
Eastern International College-Belleville,251 Washington Ave,Belleville,NJ,222,178.333477,3.116666667
Talmudical Seminary Oholei Torah,667 Eastern Pky,Brooklyn,NY,354,173.98388,3.1
Torah Temimah Talmudical Seminary,507 Ocean Pky,Brooklyn,NY,198,173.98388,3.1
Essex County College,303 University Ave,Newark,NJ,16079,176.469364,3.1
Drake College of Business-Newark,800 Broad St,Newark,NJ,2854,176.469364,3.116666667
Anthem Institute-Parsippany,959 Route 46 East,Parsippany,NJ,411,184.547187,3.166666667
Yeshiva Derech Chaim,1573 39th St,Brooklyn,NY,100,174.605251,3.133333333
National Career Institute,134 Evergreen Pl,East Orange,NJ,345,178.333477,3.133333333
University of Medicine and Dentistry of New Jersey,65 Bergen Stree," Room 1441""",Newark,1428,177.090735,3.116666667
Mesivta of Eastern Parkway-Yeshiva Zichron Meilech,510 Dahill Rd,Brooklyn,NY,45,173.98388,3.116666667
Beth Hamedrash Shaarei Yosher Institute,4102 16th Ave,Brooklyn,NY,39,173.98388,3.116666667
Yeshiva of Machzikai Hadas,1321 43rd St,Brooklyn,NY,334,174.605251,3.15
Yeshiva and Kollel Harbotzas Torah,1049 E 15th St,Brooklyn,NY,46,171.498396,3.183333333
Seminar L'moros Bais Yaakov,4412-20 15th Ave,Brooklyn,NY,316,174.605251,3.15
Central Yeshiva Tomchei Tmimim Lubavitz,841-853 Ocean Pky,Brooklyn,NY,645,174.605251,3.116666667
New Community Workforce Development Center,201 Bergen St,Newark,NJ,459,177.090735,3.133333333
Rabbinical College Bobover Yeshiva Bnei Zion,1577 48th St,Brooklyn,NY,270,174.605251,3.15
Talmudical Seminary of Bobov,5120 New Utrecht Ave,Brooklyn,NY,259,174.605251,3.166666667
Rabbinical College of Ch'san Sofer New York,1876 50th St,Brooklyn,NY,31,175.226622,3.166666667
Rabbinical Academy Mesivta Rabbi Chaim Berlin,1593 Coney Island Ave,Brooklyn,NY,156,175.226622,3.166666667
Machzikei Hadath Rabbinical College,5407 16th Ave,Brooklyn,NY,167,175.226622,3.166666667
Rabbinical Seminary M'kor Chaim,1571 55th St,Brooklyn,NY,52,175.226622,3.166666667
Yeshiva Karlin Stolin,1818 54th St,Brooklyn,NY,119,175.226622,3.183333333
Yeshiva Gedolah Imrei Yosef D'spinka,1466 56th St,Brooklyn,NY,130,175.226622,3.183333333
Saint Joseph's College of Maine,278 Whites Bridge Rd,Standish,ME,2550,189.518155,3.3
Yeshivat Mikdash Melech,1326 Ocean Pky,Brooklyn,NY,202,175.847993,3.166666667
Yeshivas Novominsk,1690 60th Street,Brooklyn,NY,156,175.847993,3.183333333
New York Methodist Hospital Center for Allied Health Education,1401 Kings Hwy,Brooklyn,NY,419,172.119767,3.2
Charles Stuart School of Diamond Setting,1420 Kings Hwy 2nd Fl,Brooklyn,NY,57,172.119767,3.183333333
Institute for Doctoral Studies in the Visual Arts,130 Neal Street,Portland,ME,0,174.605251,2.933333333
Mirrer Yeshiva Cent Institute,1791-5 Ocean Pky,Brooklyn,NY,186,175.847993,3.183333333
University of Southern Maine,96 Falmouth St,Portland,ME,9228,174.605251,2.916666667
Maine College of Art,522 Congress St.,Portland,ME,373,175.226622,2.916666667
Elite Academy of Beauty Arts,426 Kings Hwy,Brooklyn,NY,140,178.954848,3.2
Mohawk Valley Community College,1101 Sherman Dr,Utica,NY,10173,192.003639,3.033333333
Seton Hall University,400 S Orange Ave,South Orange,NJ,5833,180.19759,3.233333333
Hair Design Institute at Fifth Avenue-Brooklyn,375 86th Street,Brooklyn,NY,329,175.847993,3.133333333
Beth Hatalmud Rabbinical College,2127 82nd St,Brooklyn,NY,61,177.090735,3.216666667
EDP School of Computer Programming,1601 Voorhies Ave,Brooklyn,NY,126,176.469364,3.116666667
CUNY Kingsborough Community College,2001 Oriental Blvd,Brooklyn,NY,25143,177.712106,3.183333333
Career School of NY,350 St. Marks Pl,Staten Island,NY,81,181.440332,3.333333333
Empire Beauty School-Maine,319 Marginal Way,Portland,ME,517,175.226622,2.916666667
Empire Beauty School-Brooklyn,2384 86th St,Brooklyn,NY,13,178.333477,3.183333333
Merkaz Bnos-Business School,2115 Benson Avenue,Brooklyn,NY,327,179.576219,3.183333333
Morris County Vocational School District,400 E Main St,Denville,NJ,84,195.731865,3.233333333
The Salon Professional Academy-Williston,400 Cornerstone Drive Suite 220,Williston,VT,125,183.304445,2.85
O'Briens Aveda Institute,1475 Shelburne Rd,South Burlington,VT,98,188.275413,2.916666667
Southern Maine Community College,2 Fort Road,South Portland,ME,10321,177.712106,3.033333333
Kaplan University-Maine Campus,265 Western Ave,S Portland,ME,1416,177.090735,2.983333333
Utica School of Commerce,201 Bleecker St,Utica,NY,621,192.003639,2.966666667
Advanced Welding Institute,2 Green Tree Dr Ste 3,South Burlington,VT,61,184.547187,2.883333333
SUNY Institute of Technology at Utica-Rome,100 Seymour Rd,Utica,NY,1992,193.246381,2.983333333
Artistic Academy of Hair Design,301 Gibraltar Driv," Suite 1-A""",Morris Plains,275,196.353236,3.283333333
Yeshivas Be'er Yitzchok,1391 North Ave,Elizabeth,NJ,76,181.440332,3.2
Sussex County Community College,One College Hill Road,Newton,NJ,4840,204.431059,3.566666667
Saint Elizabeth Medical Center School of Radiography,2209 Genesee Street,Utica,NY,25,194.489123,3.083333333
Saint Elizabeth College of Nursing,2215 Genessee St,Utica,NY,201,194.489123,3.066666667
Wagner College,One Campus Rd,Staten Island,NY,1839,180.19759,3.25
Birthwise Midwifery School,24 South High Street,Bridgton,ME,52,208.159285,3.75
Lincoln Technical Institute-Union,2299 Vauxhall Rd,Union,NJ,1806,183.925816,3.216666667
Joe Kubert School of Cartoon and Graphic Art,37 Myrtle Ave,Dover,NJ,90,200.702833,3.35
Empire Beauty School-Union,1126 Morris Ave,Union,NJ,210,183.304445,3.266666667
Utica College,1600 Burrstone Rd,Utica,NY,3087,194.489123,3.083333333
Kean University,1000 Morris Avenue,Union,NJ,14472,182.683074,3.266666667
Healthcare Training Institute,1969 Morris Ave,Union,NJ,171,183.304445,3.216666667
Faxton-St Luke's Healthcare School of Radiologic Technology,Champlin Rd,Utica,NY,0,194.489123,3.1
Drake College of Business-Elizabeth,125 Broad St,Elizabeth,NJ,1927,182.061703,3.216666667
Champlain College,246 S. Willard St,Burlington,VT,3248,188.275413,2.933333333
University of Vermont,85 S Prospect St,Burlington,VT,13140,188.275413,2.933333333
College of Saint Elizabeth,2 Convent Rd,Morristown,NJ,1176,198.83872,3.333333333
Fairleigh Dickinson University-College at Florham,285 Madison Ave,Madison,NJ,2553,198.83872,3.333333333
Capri Institute of Hair Design-Kenilworth,660 N Michigan Ave,Kenilworth,NJ,296,184.547187,3.216666667
Saint Michael's College,One Winooski Park,Colchester,VT,2120,189.518155,2.933333333
Community College of Vermont,1 Abenaki Way,Winooski,VT,10429,188.896784,2.916666667
College of Staten Island CUNY,2800 Victory Blvd,Staten Island,NY,16279,187.032671,3.283333333
Rabbinical College of America,226 Sussex Ave,Morristown,NJ,231,198.83872,3.35
Burlington College,351 North Ave,Burlington,VT,226,190.139526,3.016666667
Drew University,36 Madison Ave,Madison,NJ,1878,200.081462,3.366666667
County College of Morris,214 Center Grove Rd,Randolph,NJ,12290,201.945575,3.4
St Paul's School of Nursing-Staten Island,Corporate Commons Tw, 2 Teleport Drive," Suite 203""",997,186.4113,3.283333333
Academy of Cosmetology and Esthetics NYC,187 New Dorp Ln,Staten Island,NY,208,182.061703,3.35
Lyndon State College,1001 College Rd,Lyndonville,VT,1569,169.012912,2.666666667
Union County College,1033 Springfield Ave,Cranford,NJ,17275,187.032671,3.333333333
Yeshiva Gedolah Zichron Leyma,1000 Orchard Terrace,Linden,NJ,43,185.789929,3.283333333
Delaware Chenango Madison Otsego BOCES-Practical Nursing Program,6678 County Rd 32,Norwich,NY,85,212.508882,3.45
Hamilton College,198 College Hill Rd,Clinton,NY,2048,207.537914,3.25
Union County Vocational Technical School,1776 Raritan Rd,Scotch Plains,NJ,138,192.003639,3.416666667
North Country Community College,23 Santanoni Avenue,Saranac Lake,NY,2634,244.820174,4.05
Assumption College for Sisters,350 Bernardsville Rd,Mendham,NJ,45,205.05243,3.5
Colgate University,13 Oak Dr,Hamilton,NY,3007,203.188317,3.55
Johnson State College,337 College Hill,Johnson,VT,1849,188.275413,3.216666667
Sanford-Brown Institute-Iselin,675 U.S Route ," 2nd Floor""",Iselin,1276,194.489123,3.366666667
Sterling College,16 Sterling Drive,Craftsbury Common,VT,118,193.246381,3.283333333
Robert Fiance Beauty Schools-North Plainfield,121 Watchung Ave,North Plainfield,NJ,284,195.731865,3.433333333
Muhlenberg Harold B and Dorothy A Snyder Schools-School of Imaging,Park Ave & Randolph Rd,Plainfield,NJ,144,196.974607,3.5
Muhlenberg Harold B and Dorothy A Snyder Schools-School of Nursing,Park Ave and Randolph Rd,Plainfield,NJ,551,196.974607,3.5
Lincoln Technical Institute-Edison,1697 Oak Tree Road,Edison,NJ,1093,194.489123,3.383333333
duCret School of Arts,1030 Central Ave,Plainfield,NJ,38,197.595978,3.516666667
Universal Training Institute,174 Jefferson Street,Perth Amboy,NJ,169,194.489123,3.383333333
Robert Fiance Beauty Schools-Perth Amboy,312 State St,Perth Amboy,NJ,344,194.489123,3.4
Centenary College,400 Jefferson St,Hackettstown,NJ,2146,216.237108,3.633333333
Morrisville State College,Whipple Administration Buildin," Route 20""",Morrisville,3684,201.945575,3.45
Everest Institute-South Plainfield,5000 Hadley Road,South Plainfield,NJ,1231,198.83872,3.433333333
Lincoln Technical Institute-South Plainfield,901 Hadley Road,South Plainfield,NJ,398,198.83872,3.433333333
American Institute of Medical Sciences & Education,4500 New Brunswick Ave,Piscataway,NJ,368,200.081462,3.433333333
Central Career Institute LLC,126 Corporate Blvd,South Plainfield,NJ,262,198.83872,3.416666667
P C Age-Edison,145 Talmadge R," Suite 19""",Edison,100,196.974607,3.4
The Salon Professional Academy-South Plainfield,4985 Stelton Rd,South Plainfield,NJ,132,200.081462,3.433333333
Middlesex County College,2600 Woodbridge Avenue,Edison,NJ,19561,196.353236,3.4
White Mountains Community College,2020 Riverside Road,Berlin,NH,1372,222.450818,3.733333333
StenoTech Career Institute-Piscataway,262 Old New Brunswick Rd - Unit A,Piscataway,NJ,121,201.945575,3.466666667
StenoTech Career Institute-Fairfield,262 Old New Brunswick Road - Ste A,Piscataway,NJ,48,201.945575,3.483333333
Madison Oneida BOCES-Practical Nursing Program,4937 Spring Rd,Verona,NY,106,213.130253,3.266666667
Rabbi Jacob Joseph School,One Plainfield Ave,Edison,NJ,80,197.595978,3.433333333
Clinton Community College,136 Clinton Point Dr,Plattsburgh,NY,2668,256.004852,4.016666667
Rutgers University-New Brunswick,83 Somerset St,New Brunswick,NJ,35660,201.324204,3.483333333
New Brunswick Theological Seminary,17 Seminary Place,New Brunswick,NJ,0,202.566946,3.516666667
Monmouth University,400 Cedar Ave,West Long Branch,NJ,5096,218.722592,3.766666667
Brookdale Community College,765 Newman Springs Rd,Lincroft,NJ,21213,211.26614,3.683333333
DeVry University's Keller Graduate School of Management-New Jersey,630 U.S. Highway One,North Brunswick,NJ,0,200.702833,3.466666667
DeVry University-New Jersey,630 US Hwy One,North Brunswick,NJ,0,200.702833,3.466666667
Mr Bernard's School of Hair Fashion Inc,711 Lisbon St,Lewiston,ME,214,206.295172,3.383333333
DeVry University-New Jersey,630 US Hwy. One,North Brunswick,NJ,2380,200.702833,3.45
Anthem Institute-North Brunswick,651 US Route ," South 1st Floor""",North Brunswick,494,200.702833,3.466666667
Paul Smiths College of Arts and Science,State Routes 30 and 86,Paul Smiths,NY,1128,257.247594,4.316666667
SUNY College at Plattsburgh,101 Broad Street,Plattsburgh,NY,6333,258.490336,4.016666667
Raritan Valley Community College,118 Lamington Road,Branchburg,NJ,12144,217.47985,3.566666667
Central Maine Medical Center College of Nursing and Health Professions,70 Middle Street,Lewiston,ME,277,205.673801,3.416666667
CVPH Medical Center School of Radiologic Technology,75 Beekman St,Plattsburgh,NY,23,257.247594,4
Clinton Essex Warren Washington BOCES-Practical Nursing Program,1585 Military Turnpike,Plattsburgh,NY,37,257.247594,4
Bowdoin College,255 Maine Street,Brunswick,ME,1947,200.702833,3.333333333
Medical Career Institute,901 West Park Ave,Ocean,NJ,91,217.47985,3.716666667
Bates College,2 Andrews Road,Lewiston,ME,1902,207.537914,3.45
East Stroudsburg University of Pennsylvania,200 Prospect Street,East Stroudsburg,PA,6949,223.69356,3.883333333
Central Maine Community College,1250 Turner Street,Auburn,ME,4085,207.537914,3.483333333
Empire Beauty School-Ocean,Rt 35 and Deal Rd,Ocean,NJ,183,219.965334,3.766666667
Stroudsburg School of Cosmetology,100 North 8th St,Stroudsburg,PA,76,225.557673,3.916666667
CDE Career Institute,1644 Route 611,Tannersville,PA,84,234.256867,4.033333333
Warren County Community College,475 Rte 57 W,Washington,NJ,2897,228.043157,3.916666667
Mesivta Keser Torah,503 Eleventh Avenue,Belmar,NJ,41,226.179044,3.85
Pennsylvania State University-Penn State Worthington Scranton,120 Ridge View Drive,Dunmore,PA,1415,241.091948,3.866666667
Monmouth County Vocational School District,4000 Kozloski Rd,Freehold,NJ,226,213.130253,3.716666667
ITT Technical Institute-Dunmore,1000 Meade St.- Suite 210,Dunmore,PA,361,239.227835,3.833333333
Johnson College,3427 N Main Ave,Scranton,PA,462,242.33469,3.866666667
Marywood University,2300 Adams Ave,Scranton,PA,2465,242.33469,3.95
Cazenovia College,22 Sullivan St,Cazenovia,NY,1365,215.615737,3.733333333
Career Technology Center of Lackawanna County,3201 Rockwell Ave,Scranton,PA,115,242.956061,3.916666667
Baptist Bible College & Seminary of Pennsylvania,538 Venard Rd,Clarks Summit,PA,804,247.927029,4.016666667
SUNY Broome Community College,907 Upper Front St,Binghamton,NY,8998,236.12098,3.65
Ann Marie's World of Beauty School,389 State St,Binghamton,NY,13,236.12098,3.65
Fortis Institute-Scranton,517 Ash Street,Scranton,PA,675,242.33469,3.933333333
The Commonwealth Medical College,525 Pine St,Scranton,PA,0,243.577432,3.933333333
Ridley-Lowell Business & Technical Institute-Binghamton,116 Front St,Binghamton,NY,370,236.742351,3.666666667
Lackawanna College,501 Vine St,Scranton,PA,2346,243.577432,3.916666667
University of Scranton,800 Linden Street,Scranton,PA,4183,242.956061,3.9
Talmudical Academy-New Jersey,Adelphia Road,Adelphia,NJ,89,214.372995,3.783333333
Yeshivath Beth Moshe,930 Hickory St,Scranton,PA,65,242.33469,3.9
Cortiva Institute-New Jersey,1985 Highway 34 South,Wall,NJ,64,223.69356,3.783333333
Broome Delaware Tioga BOCES-Practical Nursing Program,435 Glenwood Rd,Binghamton,NY,62,237.363722,3.733333333
Gentle Healing School of Massage,1274 South River Rd,Cranbury,NJ,41,210.644769,3.616666667
Keystone College,One College Green,La Plume,PA,2846,254.76211,4.183333333
Davis College,400 Riverside Drive,Johnson City,NY,421,240.470577,3.716666667
SUNY at Binghamton,4400 Vestal Parkway East,Vestal,NY,13437,241.091948,3.75
Susquehanna County Career and Technology Center,1 Schoolhouse Rd,Dimock,PA,20,259.111707,4.2
Empire Beauty School-Wyoming Valley,3370 Birney Avenue,Moosic,PA,312,246.062916,3.966666667
Princeton University,1 Nassau Hall,Princeton,NJ,5341,216.858479,3.85
Princeton Theological Seminary,64 Mercer St,Princeton,NJ,0,217.47985,3.85
Yeshiva Toras Chaim,999 Ridge Ave,Lakewood,NJ,148,230.528641,3.933333333
Bais Medrash Toras Chesed,901 Monmouth Ave,Lakewood,NJ,166,230.528641,3.95
Lafayette College,High St,Easton,PA,2529,244.198803,4.033333333
Georgian Court University,900 Lakewood Ave,Lakewood,NJ,1768,223.072189,4
Beth Medrash Govoha,617 6th St,Lakewood,NJ,2843,223.072189,3.983333333
Paul Mitchell the School-Jersey Shore,712 Route 70,Brick,NJ,130,231.771383,3.9
Yeshiva Yesodei Hatorah,2 Yesodei Court,Lakewood,NJ,79,234.256867,3.983333333
Capri Institute of Hair Design-Brick,268 Brick Blvd,Brick,NJ,296,233.635496,3.966666667
Star Career AcademyBrick,150 Brick Boulevard,Brick,NJ,763,233.014125,3.95
Mercer County Community College,1200 Old Trenton Rd,West Windsor,NJ,11970,224.314931,3.883333333
American Institute-Toms River,2363 Lakewood Rd,Toms River,NJ,79,234.878238,4
Harris School of Business-Hamilton Campus,3620 Quakerbridge Rd,Hamilton,NJ,575,225.557673,3.883333333
Performance Training Institute,1012 Cox Cro Rd,Toms River,NJ,0,235.499609,4
Ocean County College,College Drive,Toms River,NJ,15966,236.12098,4.066666667
Rider University,2083 Lawrence Road,Lawrenceville,NJ,4967,222.450818,3.95
Wilkes-Barre Area Career and Technical Center Practical Nursing,350 Jumper Rd,Wilkes Barre,PA,157,256.004852,4.15
Fortis Institute-Lawrenceville,2572 Brunswick Pik," Suite 100""",Lawrenceville,399,221.208076,3.9
Le Moyne College,1419 Salt Springs Rd,Syracuse,NY,3074,239.849206,3.7
Northampton County Area Community College,3835 Green Pond Rd,Bethlehem,PA,15170,252.897997,4.133333333
The College of New Jersey,2000 Pennington Road,Ewing,NJ,7124,225.557673,4.016666667
SUNY College at Cortland,Miller Administration Buildin," Graham Avenue""",Cortland,6934,257.247594,4.133333333
Ocean County Vocational-Technical School,137 Bey Lea  Rd,Toms River,NJ,544,237.363722,4
The Lab-Paul Mitchell Partner School,25 Scotch Rd,Ewing,NJ,168,228.043157,4.016666667
Syracuse University,900 South Crouse Ave.,Syracuse,NY,25932,243.577432,3.733333333
SUNY College of Environmental Science and Forestry,One Forestry Dr.,Syracuse,NY,1769,244.198803,3.75
Crouse Hospital College of Nursing,765 Irving Ave,Syracuse,NY,420,243.577432,3.716666667
Upstate Medical University,750 E Adams St,Syracuse,NY,329,243.577432,3.716666667
Bryant & Stratton College-Syracuse,953 James St,Syracuse,NY,1191,240.470577,3.7
Onondaga School of Therapeutic Massage-Syracuse,719 E Genesee St,Syracuse,NY,97,242.956061,3.716666667
Fortis Institute-Forty Fort,166 Slocum Street,Forty Fort,PA,375,260.97582,4.216666667
Syracuse City Schools Practical Nursing Program,573 East Genesee Street,Syracuse,NY,35,242.956061,3.7
St Francis Medical Center-School of Radiologic Technology,601 Hamilton Ave,Trenton,NJ,16,229.285899,3.916666667
Saint Francis Medical Center School of Nursing,601 Hamilton Ave,Trenton,NJ,63,229.285899,3.916666667
St Joseph's College of Nursing at St Joseph's Hospital Health Center,206 Prospect Ave,Syracuse,NY,297,244.820174,3.716666667
Simmons Institute of Funeral Service Inc,1828 South Ave,Syracuse,NY,61,246.684287,3.783333333
Jolie Hair and Beauty Academy-Wilkes-Barre,125 N Wilkes Barre Blvd,Wilkes Barre,PA,274,259.733078,4.183333333
King's College,133 N River St,Wilkes-Barre,PA,2394,259.733078,4.2
Thomas Edison State College,101 W State St,Trenton,NJ,19596,231.771383,3.933333333
Continental School of Beauty Culture-Mattydale,2803 Brewerton Road,Mattydale,NY,454,242.33469,3.683333333
Wilkes University,84 West South Street,Wilkes-Barre,PA,2587,260.354449,4.233333333
Empire Beauty School-Bordentown,610 Rt 206,Bordentown,NJ,201,227.421786,3.866666667
Jolie Hair and Beauty Academy-Hazleton,1057A North Church Street,Hazleton,PA,140,261.597191,4.266666667
Onondaga Community College,4585 West Seneca Turnpike,Syracuse,NY,25865,248.5484,3.85
ITT Technical Institute-Liverpool,235 Greenfield Parkway,Liverpool,NY,562,242.956061,3.716666667
Moravian College,1200 Main St,Bethlehem,PA,1742,256.004852,4.233333333
Misericordia University,301 Lake St,Dallas,PA,2753,267.18953,4.35
International Institute for Restorative Practices,544 Main Street,Bethlehem,PA,0,257.247594,4.25
Tompkins Cortland Community College,170 North St,Dryden,NY,9373,259.111707,4.266666667
Triangle Tech Inc-Bethlehem,3184 Airport Road,Bethlehem,PA,233,261.597191,4.25
Lehigh University,27 Memorial Drive West,Bethlehem,PA,4965,257.247594,4.266666667
Capilo School of Hair Design,43 Bridge Street,Augusta,ME,265,230.528641,3.783333333
University of Maine at Augusta,46 University Dr,Augusta,ME,6525,231.771383,3.766666667
St Lukes Hospital School of Nursing,801 Ostrum Street,Bethlehem,PA,207,257.247594,4.25
Kaplan University-Augusta Campus,14 Marketplace Drive,Augusta,ME,311,231.150012,3.733333333
Onondaga Cortland Madison BOCES,4500 Crown Rd,Liverpool,NY,1108,244.198803,3.7
National Tractor Trailer School Inc-Liverpool,4650 Buckley Rd,Liverpool,NY,495,244.198803,3.733333333
The Vision Academy,1921 Union Blvd,Allentown,PA,108,262.839933,4.3
International Academy of Medical Reflexology,2200 North Irving Street,Allentown,PA,15,261.597191,4.266666667
Welder Training and Testing Institute,729 E. Highland Street,Allentown,PA,164,262.218562,4.283333333
Levittown Beauty Academy,Vermillion Square - 8919 New Falls Road,Levittown,PA,115,235.499609,4.016666667
Pennsylvania State University-Penn State Wilkes-Barre,Old Route 115,Lehman,PA,700,268.432272,4.4
DeSales University,2755 Station Avenue,Center Valley,PA,3001,262.839933,4.283333333
Bucks County Community College,275 Swamp Rd,Newtown,PA,16205,237.363722,4.216666667
Pennsylvania State University-Penn State Lehigh Valley,2809 Saucon Valley Road,Center Valley,PA,1039,260.97582,4.233333333
Empire Beauty  School-Lehigh Valley,1634 MacArthur Rd,Whitehall,PA,220,263.461304,4.283333333
Pennsylvania School of Business,265 Lehigh St.,Allentown,PA,530,265.325417,4.316666667
Bryant & Stratton College-Syracuse North,8687 Carling Rd,Liverpool,NY,752,248.5484,3.783333333
Luzerne County Community College,1333 South Prospect Street,Nanticoke,PA,9351,267.810901,4.383333333
ITT Technical Institute-Levittown,311 Veteran's Highway,Levittown,PA,791,239.227835,4.05
Cairn University-Langhorne,200 Manor Ave,Langhorne,PA,1046,240.470577,4.1
University of Maine at Farmington,224 Main St.,Farmington,ME,2265,247.927029,4.35
Muhlenberg College,2400 Chew Street,Allentown,PA,2732,267.18953,4.366666667
Cedar Crest College,100 College Drive,Allentown,PA,1656,265.946788,4.316666667
Delaware Valley College,700 E Butler Ave,Doylestown,PA,2179,254.76211,4.366666667
Lehigh Carbon Community College,4525 Education Park Dr,Schnecksville,PA,10475,273.40324,4.483333333
SUNY College at Potsdam,44 Pierrepont Ave,Potsdam,NY,4191,295.151225,5.083333333
Pennco Tech-Bristol,3815 Otter St,Bristol,PA,833,239.849206,4.05
Clarkson University,8 Clarkson Ave,Potsdam,NY,3150,295.151225,5.133333333
Lincoln Technical Institute-Allentown,5151 Tilghman St,Allentown,PA,1052,267.810901,4.333333333
Buck's County School of Beauty Culture Inc,1761 Bustleton Pike,Feasterville,PA,107,247.305658,4.2
Burlington County College,601 Pemberton-Browns Mills Road,Pemberton,NJ,17156,242.956061,4.15
Strayer University-Pennsylvania,3600 Horizon Blvd Ste 100,Trevose,PA,3216,244.198803,4.083333333
Sanford-Brown Institute-Trevose,3600 Horizon Blvd," Suite GL1""",Trevose,828,244.198803,4.083333333
